target,,,BRAF,BRAF,CDH1,CDH1,KRAS,KRAS,MSI,MSI,PIK3CA,PIK3CA,SMAD4,SMAD4,TP53,TP53,lymph,lymph,subtype,subtype
stats,,,mean,std,mean,std,mean,std,mean,std,mean,std,mean,std,mean,std,mean,std,mean,std
augmentations,model,feature_extractor,,,,,,,,,,,,,,,,,,
Macenko_patchwise,AttentionMIL,bt,0.2789165413341237,0.09648413609894663,0.040381225795745324,0.014882863199776924,0.07306009318911895,0.056745877966315056,0.3328428133964224,0.07357947652488679,0.13111878172683603,0.023538169537858984,0.14919591013908057,0.08386373912111222,0.023166071567535647,0.0236038282930085,0.25202131549946727,0.12987626759310816,0.11309125185013334,0.040530543273905546
Macenko_patchwise,AttentionMIL,ctranspath,0.05870376586532293,0.036684954274676156,0.02107795164108209,0.029036015623138883,0.06129207398974858,0.030044293348442296,0.07173170890808403,0.05684774833476969,0.036661632221223234,0.013537974193930508,0.06380689804077183,0.025953116300247877,0.028048228416442954,0.023850667756195303,0.03696114699475188,0.04964376561962646,0.0013496255874632767,0.003716554250240165
Macenko_patchwise,AttentionMIL,dino_p16,0.022134647365570494,0.03756075842865107,0.009998592586517484,0.011960856535090183,0.06504584338748366,0.0391801085597368,0.010466252231597993,0.01627333556587375,0.016804511707305417,0.015373620999550579,0.04875314895629652,0.0349429338750613,0.042863046321866945,0.026436322607011547,0.06495471875302179,0.0589304349902613,0.044301042556761004,0.03204392085140508
Macenko_patchwise,AttentionMIL,owkin,0.09381016254044029,0.045301516730983794,0.04460740968704292,0.013954707460114728,0.05018100526415954,0.04749069148689985,0.0286246761322025,0.030363227440390814,0.052318759124754914,0.01870856998205463,0.0605178422164896,0.05560030019400983,0.08879457632064561,0.03586271776462611,0.09128100554577533,0.09203269972337963,0.10980601072311234,0.030453357458675626
Macenko_patchwise,AttentionMIL,resnet50,0.16867718457793865,0.07038511244682509,0.18355655357362036,0.036118668955799654,0.1217650511511528,0.03119366126521633,0.1807851776123011,0.028316348601698516,0.0133759214096065,0.011094903638139737,0.1464128321838393,0.0653446835786424,0.1679752937889113,0.05457944781508943,0.1672456709586937,0.06995645805605978,0.17176015138626308,0.03516431673244709
Macenko_patchwise,AttentionMIL,retccl,0.1410176014862021,0.03627427907004877,0.03489864751815624,0.020714361476925472,0.012230537200805398,0.022047967188671302,0.07018848505020078,0.0340054840215156,0.023461635272979568,0.0183107732784217,0.07266203824996927,0.03285008646091415,0.03234116950988578,0.03844931927605649,0.09756129662625168,0.08815034226838692,0.08524267435073868,0.03904103385351603
Macenko_patchwise,AttentionMIL,swav,0.07206814050293656,0.05283997051975878,0.026332136840821464,0.02724340959179931,0.11812393453204671,0.07623912362993533,0.12348067607879643,0.03951074617107182,0.05140450732039958,0.026157999064725133,0.10922119085311759,0.047081892628976926,0.03624128023147554,0.017693407670208577,0.0815967766486818,0.0700642763858735,0.054316637516020845,0.028419360442933733
Macenko_patchwise,AttentionMIL,swin,0.10777294396972562,0.07411906138165812,0.19640637323379584,0.0425989072987789,0.10547376658999312,0.03659716990937551,0.13747241344450847,0.026095172629396455,0.04509021775054795,0.029056716139273592,0.20004977647780908,0.028271389216558213,0.23722331443786443,0.028643890774734292,0.16467228810422102,0.07080266082691565,0.07968046426773116,0.030228426428608304
Macenko_patchwise,AttentionMIL,vit,0.12619048118209186,0.063988823141703,0.11530985519408832,0.03158239033756958,0.09113443877780136,0.03912074434731394,0.14271935071943967,0.03825782184997619,0.041604502361297035,0.04012580069301973,0.01763358776092498,0.0242474913118539,0.12218402544021514,0.01721813329223854,0.1595078198157919,0.11621791943377814,0.10532052278518855,0.03910335668772882
Macenko_patchwise,MeanAveragePooling,bt,0.18195476055144805,0.025563175678564653,0.021193340225218533,0.008256653599161336,0.019133353500823753,0.027381836633096002,0.10887736940383606,0.03783881663509035,0.05016539752197096,0.013825983048822446,0.004533647499084594,0.007525757847299691,0.03102597848129513,0.02721777638918994,0.17509845241898425,0.1160299534379691,0.056000196933745444,0.03460371835595345
Macenko_patchwise,MeanAveragePooling,ctranspath,0.07071806907653382,0.038852405355859966,0.005202498836517949,0.006430741210809138,0.08869043019340041,0.051139829337844896,0.028578993320465065,0.029545506040425017,0.005822569725036569,0.00811730466600186,0.04716489215850757,0.016054307909137696,0.018399712001800496,0.024851784359345253,0.17349133238190348,0.10455378126594189,0.0,0.0
Macenko_patchwise,MeanAveragePooling,dino_p16,0.0007712793350219732,0.0029114830576276868,0.016510310573578282,0.011785984372964605,0.0686078312687715,0.03559096864861587,0.04179918432235519,0.038490566972897995,0.034108275768281994,0.01801659415596745,0.03255387445449517,0.023661299984711715,0.04488680020523074,0.044281584781332914,0.10818102106445586,0.1169478242116031,0.0451134562492381,0.009027983753874567
Macenko_patchwise,MeanAveragePooling,owkin,0.08986702680587225,0.03343413237592168,0.009085979862212759,0.00921880416046414,0.0477369549565138,0.02832843076136184,0.016902050018311146,0.02583619071690978,0.07802257001114284,0.03697322744928246,0.06632996698379308,0.06180601677350806,0.11486440554809545,0.03165080257930777,0.15784358724945552,0.14546279939517323,0.1099293231964118,0.006369273555900445
Macenko_patchwise,MeanAveragePooling,resnet50,0.21293882846834195,0.04466340544991472,0.10971420089721713,0.044171680016862586,0.022324049740296198,0.024851772367322528,0.1473547186851589,0.04901626053600232,0.025822538730620945,0.012863595625154867,0.10788594981193587,0.09666504501263855,0.0747409190292376,0.025101053987076162,0.21586101993912366,0.10876971406096989,0.07547754049301154,0.0038950009888893125
Macenko_patchwise,MeanAveragePooling,retccl,0.13647605895996137,0.04872863487315736,0.016852977676391455,0.007492296315757197,0.047361600666505375,0.04559772609620249,0.04200495147705177,0.027873656122602314,0.026908273097991757,0.013156618930315776,0.03236409326553321,0.008457642387206863,0.04592498198700253,0.02910833327770292,0.13417910084121085,0.09854864394377101,0.012317001819610632,0.003627906125584339
Macenko_patchwise,MeanAveragePooling,swav,0.042859025001527364,0.03242771552111627,0.019251599712372815,0.011039192961038169,0.15201624658631527,0.016906828314018824,0.11813660526275785,0.03253892301760777,0.11370827614974716,0.011703864863335594,0.08638057609558236,0.0222032059007415,0.036048432743071485,0.0246492377934626,0.11623353704803428,0.11094371420444593,0.06172461509704459,0.0031197944242796574
Macenko_patchwise,MeanAveragePooling,swin,0.14678191661834308,0.03991031606833994,0.12410595695495934,0.02055547641478568,0.03880305316970788,0.03268785074652456,0.11278682613372766,0.034074783129147725,0.0089082545013423,0.008221190635888503,0.042104791603086875,0.010716124572932341,0.1130125249977097,0.03916393574052466,0.19343300804489238,0.1103320748317669,0.06469416618347254,0.008129511908197641
Macenko_patchwise,MeanAveragePooling,vit,0.1592153978347679,0.0560987877661855,0.08778387586593524,0.007742401172432079,0.09822498586700475,0.05492940791436649,0.17024566793441118,0.037622660978132175,0.028079707023619636,0.014526695539168178,0.023635446033477496,0.023536666106894585,0.06609896079253928,0.02828953058043601,0.1611457441746507,0.10356385975771146,0.029863333702086898,0.0036674107165719258
Macenko_patchwise,Transformer,bt,0.14851257171630045,0.037883183956972516,0.040734158397674976,0.026101723569393706,0.06631500421203818,0.049820888872222135,0.04838431364059589,0.02733033764586791,0.07406826407257197,0.04054876843223957,0.06421933543014333,0.05922706038869355,0.04595441244506638,0.03260228575502572,0.04838722839999363,0.05859353257652329,0.033717973667146295,0.02907697092418304
Macenko_patchwise,Transformer,ctranspath,0.0745099123954752,0.06696521357181864,0.05204198205566439,0.036445898852594305,0.05452823339141724,0.038153831495110306,0.03634727483749171,0.04035517019463295,0.05855397373977705,0.041355684507447366,0.07750206362533614,0.05536074820733123,0.01927092693710367,0.021109421288290832,0.0590999235217599,0.07078205224701159,0.010319443183898665,0.01566606635844071
Macenko_patchwise,Transformer,dino_p16,0.08853916492461783,0.0749852616822065,0.04844401919936991,0.03718337257094039,0.07434804139770294,0.033169137690615635,0.022509806213378534,0.0295812318820576,0.030639688079986717,0.033468896509435166,0.05802071463394344,0.05807965618214418,0.024602014049531083,0.01966054826555435,0.04091414108920044,0.04988989773857306,0.03522082133865406,0.027677283163997243
Macenko_patchwise,Transformer,owkin,0.080095010662083,0.04268504746058572,0.08516591632461123,0.03119985021330505,0.027989193779601917,0.04525422578227259,0.042725865898133396,0.020415166582893256,0.06923970372024328,0.035753031906377346,0.03290999304580922,0.03363360398822315,0.06980399511718974,0.03493229361792919,0.06943296089816377,0.0603790735783946,0.07631907029723788,0.02792677496754772
Macenko_patchwise,Transformer,resnet50,0.1597492989540254,0.052773041697246066,0.17717047774887107,0.09997217140660403,0.11098467407859124,0.04218371679266543,0.21186168676376413,0.05833725018319432,0.043496862953339994,0.05420024456072319,0.29527562033463095,0.10925688115413974,0.23091513536835453,0.040697269045464904,0.1372614850108584,0.08037249640852338,0.15817768140411909,0.05049972885253935
Macenko_patchwise,Transformer,retccl,0.14598596658706683,0.0765232094808542,0.05763878667449832,0.04159985354944453,0.07209578452743341,0.04724428705375753,0.07806538825989048,0.04453350758656012,0.06235397250000285,0.02576821844569068,0.06371333967971614,0.04429981489393379,0.04488821648025406,0.04002982859583854,0.08028395071672967,0.0628691804270778,0.05504165454483359,0.03152240638514413
Macenko_patchwise,Transformer,swav,0.07371202077865427,0.10421079010762638,0.01309281432724029,0.014526946167481493,0.1321558385912297,0.03965854500065387,0.0754419375038139,0.03967441194445083,0.08323967844787337,0.04506456431230612,0.11342866789627147,0.02379649313194184,0.03344036959076062,0.023074856441965608,0.06769074097323927,0.057932273280950394,0.06346765323257693,0.03268018978822338
Macenko_patchwise,Transformer,swin,0.2179274615287786,0.06970007013022357,0.1873932226905882,0.05092918433959403,0.12648768125213325,0.02899366688892553,0.18696456438064293,0.03961703351299115,0.08929683358016442,0.03769624418597459,0.08882400166320549,0.06192261916907489,0.20212723635101595,0.046505982976429334,0.18788828745532146,0.08386225361820764,0.10711559815978486,0.04198310382818116
Macenko_patchwise,Transformer,vit,0.21254181232452618,0.04360141572513737,0.12754170739746107,0.02678547509585833,0.1081693500105316,0.06308329336775009,0.2107814479446389,0.07119362307127303,0.08032542855087486,0.029666673029441044,0.08850771557617526,0.0373439551376414,0.17774454973601797,0.03093445657568021,0.15992851153063414,0.09510857113219377,0.1120317892608729,0.03436143938068178
Macenko_slidewise,AttentionMIL,bt,0.3418232020378052,0.07489940771001487,0.040691302783965294,0.030841373659592254,0.06303826189041162,0.06139191994163759,0.1668716002941046,0.15267988314548595,0.11875389034652731,0.025798792393507436,0.22738882831038573,0.06759297390343505,0.06472046726989822,0.08187686749617193,0.2672077013794636,0.16703370282242416,0.12758471965790186,0.056468638894041696
Macenko_slidewise,AttentionMIL,ctranspath,0.07360510196685577,0.0629033365927609,0.036522255905148814,0.0396448034530807,0.08441593265533599,0.039867583886015176,0.07932014360427807,0.02545697839976433,0.02932531053924511,0.020749248205716955,0.07950774959030275,0.03136337575569792,0.038149217308042854,0.029145971282007382,0.06376274364630033,0.08415402338492689,0.0015814900398254048,0.0028884183840561413
Macenko_slidewise,AttentionMIL,dino_p16,0.009908300304412707,0.019069524330627263,0.03395228243637248,0.02346692705186956,0.0512327513694743,0.042125904738889317,0.00473168983459466,0.011891274586899177,0.019496719192503682,0.019624968181480896,0.09177845052184797,0.06529392139210202,0.03831755274581666,0.029995396360219237,0.06186711328665028,0.0708475389238857,0.04138385057449317,0.03809422368745064
Macenko_slidewise,AttentionMIL,owkin,0.11675670709610238,0.047554212314698,0.08466615534591275,0.03856959180879012,0.1320135078430219,0.04329545446291666,0.06249915256500819,0.03373190309325905,0.09972533399963816,0.03481700748886745,0.06382147601547328,0.04634826086688234,0.08085403794098305,0.03567740694439775,0.08986970918813639,0.07503482184996861,0.08797689676284555,0.039069880722984965
Macenko_slidewise,AttentionMIL,resnet50,0.15046681728363984,0.04885248039136302,0.19614531851577588,0.04255468468238089,0.16973875379561829,0.04730580214449972,0.2226328958511413,0.039703867216338784,0.029296747993470273,0.024154647312711514,0.11031106046142726,0.06854147947546914,0.15605043524551568,0.03465217633099129,0.16325635450521084,0.07582363619120995,0.13488768339158144,0.04386337934794049
Macenko_slidewise,AttentionMIL,retccl,0.13371146287918467,0.05099923757022075,0.019903169639587343,0.022133799258518914,0.009828837871551978,0.01964390419908486,0.0637851704597463,0.03346982899248123,0.049725322078704684,0.02960532098826561,0.07754697135391478,0.024706866602153387,0.031050435245514464,0.02786178624383984,0.08790010946432525,0.06102335718155471,0.06635825634002789,0.04389622555332551
Macenko_slidewise,AttentionMIL,swav,0.05266095962524767,0.05134332090095873,0.019560514457704153,0.017070231276124455,0.12056456422805482,0.03683274802020501,0.12998886003493965,0.04426886986316045,0.051582471679687186,0.04109984396592453,0.13194293311538927,0.06500401133344495,0.023278251827239367,0.020010829614907553,0.07210369842687778,0.0574560128784539,0.06866527795791617,0.041712453866215554
Macenko_slidewise,AttentionMIL,swin,0.11083916988372891,0.06753298071518336,0.2253286228256213,0.02882607064929063,0.146765776634214,0.02278954272590671,0.19423782720565197,0.047328892034722625,0.07212534363174711,0.04831092033202674,0.16065891316834405,0.05323780002170383,0.26556220406340914,0.03296924537711063,0.1777885987107073,0.08312784115079233,0.0773662805557245,0.03673358618673759
Macenko_slidewise,AttentionMIL,vit,0.09548010196685466,0.05107750712852026,0.15645371533202343,0.02946704073590821,0.10051952219009325,0.03716717749963363,0.14742712869643745,0.0399332563229004,0.0344110410919206,0.027098981809686968,0.00948877862396255,0.02215597215077156,0.123951677024844,0.022222837571416115,0.15679472225347243,0.07500535400545662,0.08486163616180374,0.036766308004000464
Macenko_slidewise,MeanAveragePooling,bt,0.20118617057800736,0.07847859996834257,0.010814953346251674,0.004984326113601877,0.057110784067991575,0.04564679941572183,0.1567358257293737,0.04089804580564081,0.07339199113846052,0.012149299051776277,0.017720434188842442,0.014540267065094897,0.040299060668944515,0.02945090121749027,0.21450970236770117,0.10336825782016545,0.09337116479873968,0.02766885285018922
Macenko_slidewise,MeanAveragePooling,ctranspath,0.05570744514465242,0.033932618459914014,0.022465444107056847,0.005486120194738669,0.06750870706070353,0.0497575863863522,0.025048566055298684,0.015236596776730987,0.0009348564147949029,0.003258220778852649,0.08033904743194932,0.02032523545777007,0.03421038660049254,0.02843510656876382,0.14249274794570907,0.09762583958869686,0.0,0.0
Macenko_slidewise,MeanAveragePooling,dino_p16,0.028912236690521145,0.03796959295191963,0.018467712898254857,0.021033902303440412,0.04457326890456788,0.027509239007743453,0.02083045263290343,0.014873938809758647,0.045106249332429925,0.015473392644321324,0.05326755952834857,0.02295196852192774,0.04703305038452367,0.039749983062039196,0.06655930344574011,0.07794020897941303,0.06258087158203746,0.006929379537157407
Macenko_slidewise,MeanAveragePooling,owkin,0.10830053329467687,0.054752407771134104,0.02823356439590372,0.018958984545818867,0.0172834849499513,0.018360049721194135,0.006993007850646898,0.013913993938934941,0.06244913864135806,0.02346825815032588,0.07129413795471518,0.02714533368208189,0.10974350246430001,0.04031473364585085,0.1228842741679398,0.11264857590484939,0.12565597295760916,0.012046949469982577
Macenko_slidewise,MeanAveragePooling,resnet50,0.1458670282363821,0.02948882431549056,0.11452713062286816,0.043418639295475014,0.0653315282009837,0.03931150490757779,0.18266172428130245,0.03792259001221726,0.03104912567138518,0.014455592076290333,0.05687286567687912,0.0562505739974137,0.1465280202293346,0.03170188874751247,0.20474488799088622,0.10021343807576143,0.08393683433532372,0.005160271377119861
Macenko_slidewise,MeanAveragePooling,retccl,0.13070744514464858,0.03380583449137538,0.006703019638061529,0.007503108290974828,0.020399103178862794,0.019385671813902685,0.048351025772094755,0.01616011930156693,0.05162057209014968,0.01205920345916419,0.044412407398224496,0.009601892513924792,0.0680207279586801,0.03706044631895159,0.124189401311796,0.10200380227501811,0.02254097461700373,0.0030239406476765605
Macenko_slidewise,MeanAveragePooling,swav,0.012356379032135417,0.020415794520588414,0.012299824256896524,0.009718137361317616,0.16574443937766847,0.021381198299065783,0.15483254213333844,0.01494533776796666,0.14939199018478622,0.02054793192967433,0.12803040456770928,0.03525707816829804,0.024586382236480086,0.02835590556435927,0.12568328444473728,0.10597481702826207,0.08362467288970461,0.005083061984043635
Macenko_slidewise,MeanAveragePooling,swin,0.12678457736968202,0.06229050069122122,0.1425111179542602,0.022513000082487238,0.046863064780120305,0.04713962670587347,0.1826617242813012,0.028812378227899477,0.03044910955429049,0.014065682823944898,0.07629097414016801,0.025875730308496304,0.14983891519547068,0.04226283647639141,0.19544694487564168,0.09468172538453408,0.06985754966735697,0.005410208566584581
Macenko_slidewise,MeanAveragePooling,vit,0.12671807050705036,0.0690309137124652,0.08231693555831987,0.007965164688933787,0.07475346089828554,0.03455591726322511,0.1634230615615959,0.0211568140248377,0.04007771539688293,0.013343093305268179,0.0017811508178710576,0.00397156517302499,0.07988941940307821,0.0335551524286567,0.13893510167113507,0.10974568683194283,0.046121525764466195,0.005896965932095496
Macenko_slidewise,Transformer,bt,0.1470674524021259,0.07381608905697917,0.02925386566162113,0.02338630046765247,0.016048317405700802,0.022248015361960288,0.04068270740509002,0.025484411892500714,0.04845332854980236,0.017152594835569038,0.04806612085738948,0.027889053120048194,0.023817940196991714,0.02574576341708151,0.06139225522841801,0.057437128663527195,0.028338050174713865,0.023396946325050162
Macenko_slidewise,Transformer,ctranspath,0.03297169897079844,0.03105379247258722,0.014290989818572214,0.021809630230770517,0.05977956578445298,0.029458336111401917,0.02144403276443464,0.022866467090867027,0.08065334314101749,0.04349230974045512,0.1698877270165961,0.08736300856985196,0.04794814153671069,0.04516283107100566,0.04608478109207312,0.06568730927881969,0.03882909946441704,0.032694279411831666
Macenko_slidewise,Transformer,dino_p16,0.03902223798751575,0.0484097380287974,0.06489067214965645,0.03789683446852153,0.0987810425491355,0.05283570330091555,0.010230050659180402,0.01788446974411487,0.023053309857786357,0.024814566195309595,0.0689389522019949,0.06601305178736729,0.017897649250030994,0.02828446650437076,0.05664131204452713,0.04730806398983779,0.01975738935470758,0.025041328777170538
Macenko_slidewise,Transformer,owkin,0.09081744644164662,0.07986349664511094,0.08110996622085742,0.019759102921904612,0.05779008195114333,0.06086161978316121,0.04099137601852618,0.03201134128335261,0.03399619811767776,0.016803859145743907,0.02131089519897405,0.025068103833816222,0.09034431739807013,0.03661947682951098,0.08826731006469143,0.08012043141698777,0.10691454343795737,0.024234519142638737
Macenko_slidewise,Transformer,resnet50,0.12658872100830842,0.06500605241311117,0.19938522714614204,0.06681759727489009,0.125432711097717,0.030044651698531745,0.21218478498458423,0.03942169209602329,0.03079619163268985,0.01894296542246364,0.19392314505020194,0.12599780317025605,0.16242625280380676,0.03628872621866006,0.21651376048888435,0.07033015418939081,0.14891139202118514,0.032291996507480616
Macenko_slidewise,Transformer,retccl,0.20797169301032653,0.08706632814480432,0.06003627914428815,0.03432961162200541,0.1117315106124835,0.037864062599042486,0.09047696409225303,0.027062517906738314,0.059053347051087494,0.0421136657271734,0.07134252142349194,0.03893829208562207,0.02651153369903615,0.018967920095799264,0.10248996774521117,0.040794307898968894,0.0683149569511404,0.0477749785411217
Macenko_slidewise,Transformer,swav,0.15185465309143897,0.099796920399225,0.02108712333679142,0.01809004486977104,0.1364687614173849,0.04530258247453039,0.1258679133415182,0.056136099366878085,0.06062475794548111,0.049558191751399354,0.1715322787705993,0.08572404598240328,0.04199976488113707,0.03678078764782586,0.07924854318466502,0.08804163829066342,0.06896787815093858,0.032450729829143564
Macenko_slidewise,Transformer,swin,0.2120940515708854,0.05177104731497,0.1467867149734526,0.03927687024524039,0.12475704476547636,0.05919480334818455,0.20786382970810519,0.08725528414434287,0.03836761468643097,0.028718318973412826,0.15350570630469976,0.08231544246298693,0.19632073207856085,0.029930872034825286,0.17411161224213176,0.08671528577056817,0.09469044141768704,0.03298637775664828
Macenko_slidewise,Transformer,vit,0.22572435233115268,0.10672888875365069,0.14147545236588413,0.033083115769612516,0.10568798110199175,0.04089078048430463,0.22113541183472024,0.06364097974652133,0.02356759065383884,0.020995509077578977,0.03313884090820416,0.03278182877241296,0.171545238933564,0.028488842283012954,0.20005164901579858,0.08382579445689348,0.1232803695678735,0.044704608623781346
all,AttentionMIL,bt,,,0.10932794044494998,0.06675656312691308,,,,,0.1697265213619247,0.03008443489216606,,,0.19899550518990908,0.19660902392053112,,,0.17051602363586407,0.04868071188522738
all,AttentionMIL,ctranspath,,,0.014981893997192915,0.016731030891583586,,,,,0.03675510941848746,0.031533203638733735,,,0.003625146961212349,0.007260418790487845,,,0.0011068916320800734,0.0037685413216768135
all,AttentionMIL,dino_p16,,,0.03154385517120418,0.02542555109572694,,,,,0.03649795113906907,0.03683888701908097,,,0.035555569744110165,0.02422741962750425,,,0.054212937355040625,0.03522537642811264
all,AttentionMIL,owkin,,,0.0901389045524617,0.026340613767262495,,,,,0.12064082681045288,0.04688280639285874,,,0.10331650218963685,0.05146019319746823,,,0.13243169546127131,0.05091273201165007
all,AttentionMIL,resnet50,,,0.06752328107833697,0.03141551889072633,,,,,0.0062408214698791795,0.012045091007784081,,,0.1360886617660525,0.025782972084501296,,,0.09408005237579331,0.025358632180900207
all,AttentionMIL,retccl,,,0.028973881702422304,0.03179359567162643,,,,,0.06952652989730475,0.03027100015353269,,,0.028961853599547557,0.024453425367695812,,,0.06013926029205351,0.03550866383913509
all,AttentionMIL,swav,,,0.032800237636564665,0.01727139822757418,,,,,0.09624079524383425,0.04258713594966437,,,0.06698090276718618,0.036915306782245895,,,0.06782701969147202,0.02717114518301595
all,AttentionMIL,swin,,,0.14108123014450477,0.024675854442445418,,,,,0.06826938449249416,0.03676841971133596,,,0.21378226718902507,0.022667778559241833,,,0.04404806852340551,0.026198981112948088
all,AttentionMIL,vit,,,0.10019034574508857,0.04340464582579345,,,,,0.08175510226593251,0.03672100715967879,,,0.11754206857681794,0.02631881410694981,,,0.04491832017898445,0.026431366574789433
all,MeanAveragePooling,bt,,,0.041247744655608744,0.007895635267471566,,,,,0.08781716346740676,0.020690733673754465,,,0.09761659917831227,0.05150568005825744,,,0.08238600492477463,0.03826804015837519
all,MeanAveragePooling,ctranspath,,,0.03279543647765962,0.016428407328345267,,,,,0.0005028557777405128,0.00205916644692315,,,0.0439970713615436,0.0201479785991705,,,0.0,0.0
all,MeanAveragePooling,dino_p16,,,0.02143053541183557,0.01867385643324703,,,,,0.043245739936826504,0.025613249803506478,,,0.0077176314353943854,0.01570366745242939,,,0.08523811101913448,0.013402286679092655
all,MeanAveragePooling,owkin,,,0.014862830734252664,0.023508247205780264,,,,,0.07236002206801866,0.03581442645433724,,,0.1292383891105673,0.029434199497305122,,,0.112491238117223,0.010653715202011874
all,MeanAveragePooling,resnet50,,,0.011093564128875962,0.011684961666691638,,,,,0.02193145275115911,0.013585153836232166,,,0.11153358039855812,0.02061550902800721,,,0.0778595209121683,0.008757980126307465
all,MeanAveragePooling,retccl,,,0.02628488073349062,0.009895856278495561,,,,,0.06284570217133109,0.013238616317372316,,,0.0689409476280137,0.01880430074953058,,,0.01016776561737052,0.005310716955044107
all,MeanAveragePooling,swav,,,0.02422889003753805,0.015020458404148288,,,,,0.0987885785102836,0.018278016311147654,,,0.028116069412232086,0.017491778128223053,,,0.07004979848861427,0.004761986285425188
all,MeanAveragePooling,swin,,,0.10241280326843145,0.03313385001341038,,,,,0.03793144941330056,0.014652837398003727,,,0.16330122766495164,0.030715091504979187,,,0.0592995047569275,0.007776427334769097
all,MeanAveragePooling,vit,,,0.07654186019897162,0.00913794602341633,,,,,0.07804573297499992,0.013413587813779649,,,0.09523162660598722,0.018329430841535325,,,0.06949707269668406,0.009484633033565063
all,Transformer,bt,,,0.02892883396148767,0.03184291910707775,,,,,0.10270834717750302,0.03403528624694517,,,0.04259682223510515,0.026851397666186824,,,0.03258872418426481,0.02793747594753518
all,Transformer,ctranspath,,,0.06268096542358326,0.02476686611018941,,,,,0.0352797881126385,0.026736265982495455,,,0.02985835597228996,0.022202561323197006,,,0.016115645456541854,0.021575305760254657
all,Transformer,dino_p16,,,0.05428578233718747,0.03216688379553738,,,,,0.03673693094253546,0.03252018949021386,,,0.019308417293548277,0.01460733655018176,,,0.0397904673101809,0.025525770055079836
all,Transformer,owkin,,,0.09706134176254075,0.035496818567707936,,,,,0.10582262430190588,0.031251223967084435,,,0.056822436305998425,0.031175967901242607,,,0.11578528075241407,0.03258487276466278
all,Transformer,resnet50,,,0.12024806118011175,0.04335127700320547,,,,,0.01336548480987581,0.016182348874963507,,,0.09994816109848066,0.027029776677304013,,,0.09417145638489076,0.029574234782237273
all,Transformer,retccl,,,0.05868323421478367,0.04022391495103865,,,,,0.09153691682815085,0.03517758999147995,,,0.014959364387511411,0.014842814187613023,,,0.02860989956878761,0.025164412182645292
all,Transformer,swav,,,0.02441713190078896,0.025772035306185458,,,,,0.099565495586393,0.03377117256949052,,,0.03347787186813379,0.028461465323064095,,,0.08474812893889863,0.02653929776751627
all,Transformer,swin,,,0.1335547504424995,0.060070391782174215,,,,,0.031022645568850066,0.02694083098994291,,,0.2101052694053717,0.03272986851845369,,,0.07394382147811998,0.019495968145723047
all,Transformer,vit,,,0.1072269377708452,0.03913977327621296,,,,,0.09047978076934121,0.02317731917961279,,,0.1514913491935779,0.025929342014760923,,,0.04292387156509162,0.026168672943300064
none,AttentionMIL,bt,0.3459978715515001,0.13309243130710222,0.06452308626174554,0.03514460968308462,0.0327425811596665,0.036753907734890796,0.27713993549350274,0.13313636488119643,0.12980112934113525,0.03682975734207067,0.25107905840873296,0.03155061126973158,0.016759148979187486,0.014204285305161612,0.33724486323713465,0.1514505727763166,0.12945582866668845,0.03214338362488238
none,AttentionMIL,ctranspath,0.060359563026423924,0.027964190554507124,0.00649913282394418,0.012454665587129845,0.059225306303100786,0.03261262141696701,0.08398151159286565,0.030418102189722903,0.04411545896530177,0.03170907655450363,0.05917522287369003,0.025215957736484464,0.012438169860840785,0.012594663037323527,0.055251569474943925,0.06514639175253935,0.0,0.0
none,AttentionMIL,dino_p16,0.015279783401489513,0.024514424622518176,0.03425469131469573,0.034876572580925094,0.061027107030944557,0.04115928634861175,0.0012139892578125432,0.00476622879137969,0.0216297378540034,0.029525881258191153,0.020339017868042927,0.022027819837406568,0.027814129734039468,0.024693005962384537,0.06587120982528231,0.03688350682902371,0.07947163581847613,0.027152498876057335
none,AttentionMIL,owkin,0.06940212408065281,0.06086933363673789,0.08942317695618295,0.022735955745021217,0.06526885965545114,0.04201812261772608,0.06474282503128327,0.043848816436098136,0.09225828552245863,0.0332783125320867,0.1700543878078383,0.07578867888017703,0.09484557285309217,0.03096082556001185,0.06730265113235565,0.063870714296766,0.0924028754234308,0.021613510095330028
none,AttentionMIL,resnet50,0.22658298769949348,0.06826210328120871,0.08782407970428727,0.0389828602822029,0.11222829559524235,0.033883897549368776,0.2202469086646961,0.04251614555620436,0.013601135253906495,0.01929972180264462,0.2128753600120607,0.09466713516795632,0.10937980785370023,0.030759506756594338,0.17514111491561649,0.08232317130384424,0.1489872694015625,0.025604053963427017
none,AttentionMIL,retccl,0.14107765117644952,0.030903986939697356,0.0375671002387986,0.01697028710793118,0.028707287103729627,0.024361805971292352,0.0815123295783987,0.03455785452198754,0.04925827884673867,0.030994139276756254,0.05664513683318894,0.025800924358077255,0.03547408952713003,0.028320509659818395,0.06949700805069023,0.06472128096543767,0.06506212949752932,0.031917194448648746
none,AttentionMIL,swav,0.07039946475982391,0.0652430891144477,0.06429466934204509,0.030172827637877615,0.12870727518280417,0.0593166435935697,0.10265431165694851,0.03383150586176322,0.12520115280150543,0.06085703838714584,0.13634154772757848,0.08145781342771748,0.05806109085082882,0.0248750897987057,0.07041826936126354,0.053599667232237115,0.0627737879753079,0.022717065608653095
none,AttentionMIL,swin,0.1424074546432439,0.06560470567530192,0.16840660305022256,0.025006264636936334,0.14015623667915586,0.042411010830137756,0.17662551164627127,0.043431304547947,0.06557258272170466,0.03633260364665519,0.1586059508323688,0.04822407700873246,0.2778421916007954,0.022148192632992305,0.17214320393921018,0.08474150054441708,0.07081514596939589,0.02335569936365568
none,AttentionMIL,vit,0.17944203773499107,0.07473779470846849,0.11066816778183121,0.019651973087659185,0.029570672304229596,0.041541516866021776,0.14689299821852642,0.03420142674025677,0.07414402866363563,0.03136800659407893,0.0073092994689941335,0.01259604528525802,0.1526177443504277,0.03169139353078493,0.17417648526551077,0.05751664558956715,0.08136328458786016,0.04491587578351095
none,MeanAveragePooling,bt,0.20724735260009483,0.09066866154028562,0.035422046661375876,0.0069284770234261965,0.020972772674560408,0.023927214116555465,0.08015845680236362,0.019227232712116685,0.07227200708389019,0.01751796469100432,0.025439602851866853,0.016855621531494766,0.05780709777831752,0.037244665798040026,0.17941845259993106,0.11375841103364624,0.06147435903549353,0.027820681421115608
none,MeanAveragePooling,ctranspath,0.06017287969589652,0.03320530379587554,0.03804912137985168,0.018305036254381693,0.10269200428009234,0.05094564437568475,0.03062139415740884,0.0218078867980921,0.0020434423446655113,0.0058904632194694126,0.09349780750274883,0.024919828096432797,0.02222909723281676,0.02183022850516031,0.1492911001237952,0.11460121895858574,0.0,0.0
none,MeanAveragePooling,dino_p16,0.0,0.0,0.03873444366454926,0.022498085803850366,0.08043226821898987,0.014821469527062219,0.0016604986190795386,0.004788931207253436,0.04775771341323877,0.025836298753159858,0.01430739831924417,0.016736988303559595,0.014597223148346121,0.018391358816618367,0.09204219780294774,0.0933643569378682,0.07763124704360663,0.012866400919430344
none,MeanAveragePooling,owkin,0.08630321025848063,0.06706032012050775,0.040447743415829164,0.025983905625189693,0.11324005945205372,0.030458933919394703,0.07136215829849298,0.03456871985308926,0.05675768098831233,0.029392309100862827,0.10962683629989774,0.04643173304442692,0.13317186628341568,0.029805183106410303,0.10572995148031786,0.10814049561741858,0.1073551177978532,0.019085873657644387
none,MeanAveragePooling,resnet50,0.23563828468322717,0.023229827068991103,0.0008132534027099319,0.0028997404980690383,0.022023840980529747,0.0360157817697855,0.2154464926719536,0.029804334793023073,0.0336434408187859,0.016535451341188393,0.13106897544860144,0.04785622861398927,0.09184186254501592,0.019898716206857858,0.2143337031397108,0.0864810082340336,0.07653198242187138,0.0068053703217721044
none,MeanAveragePooling,retccl,0.14707447290420858,0.014095121893101066,0.028111942291260954,0.008832339064042486,0.023337658481598047,0.0249273546539356,0.09955147171020248,0.041939915955992425,0.06410057983398477,0.018411693998428316,0.05731813383102431,0.016334704744064465,0.06266121660232608,0.023405170371566877,0.15114461384145927,0.11137992936261464,0.009429562091827897,0.003414776810781243
none,MeanAveragePooling,swav,0.027593100070952965,0.011790933359145175,0.029025705337523862,0.015807567269506488,0.12360041959763249,0.02470846868120642,0.05330661201477008,0.016428544892751362,0.10941486797332996,0.01662669978237296,0.13012017679215165,0.04336342404010942,0.042318866596220896,0.024876781463757956,0.13424579105704992,0.12869870984835885,0.06715824604034237,0.003047077666361283
none,MeanAveragePooling,swin,0.12519950866699592,0.027127185681718142,0.10001370477676105,0.03729058814972402,0.016655989723203556,0.014585874931980426,0.17321400308610002,0.024997534996319043,0.05167202196120983,0.02195401744704856,0.10266919803619208,0.022271385812239784,0.1286544660186817,0.04515438509549338,0.16632629833548254,0.12343074906981569,0.08420768976211583,0.007951048995760851
none,MeanAveragePooling,vit,0.17672873735427982,0.03639394855321844,0.07402857112883907,0.010716946422333843,0.06718148811340219,0.03351023177051259,0.14697945976258667,0.019844893834600908,0.08504342279433853,0.017066960499047927,0.015192932605743927,0.017993345434805227,0.06588791404724015,0.022780388776280237,0.15364638767569344,0.1061557083368487,0.06610077619552217,0.009665284235549439
none,Transformer,bt,0.1323373343467678,0.05292895849281957,0.04816059158707008,0.02594266196954359,0.01625963464736931,0.02293111721255855,0.022388416290283625,0.019764700788644923,0.09994799071235125,0.04192595589856737,0.06068744727172955,0.024975931569484477,0.020843537330626903,0.020753158005353847,0.07118922036011309,0.06911117663916465,0.039197649261472144,0.026620926985198398
none,Transformer,ctranspath,0.08380010385513283,0.06316685375852045,0.013037791713714744,0.016321929074261356,0.04433772579193014,0.03715792087479469,0.02315999841690158,0.019838420218844313,0.07969083362502948,0.07003060998080292,0.08288858004608061,0.0519998587864595,0.0256695942878712,0.029098442962152266,0.06953686039764717,0.06837617166039496,0.010366322299956952,0.017336239885825607
none,Transformer,dino_p16,0.024491610717773324,0.03636404926272345,0.06198126362228454,0.026514070762621533,0.05597436443328989,0.032005113490105465,0.00834516859054536,0.014051153378180437,0.017090852793886085,0.018245695227923475,0.020269966802980047,0.02840085817647175,0.028924341678620038,0.0216092568568611,0.05130534928161664,0.04409463060356061,0.03777322938155928,0.033803495644322154
none,Transformer,owkin,0.10880012769698805,0.07075051730157156,0.07557350681686457,0.047995924790175525,0.045388770256039844,0.03625965128485606,0.05268674468994018,0.03895872372889886,0.04691941314620712,0.03131274556127119,0.1155894167045574,0.05785623336870781,0.07555735874175916,0.029698245145310997,0.06641317169983525,0.052008367024507444,0.1290943281860255,0.03911048598389592
none,Transformer,resnet50,0.19297564287186444,0.06414165105026283,0.10178708122634991,0.071860963098072,0.10991578713416775,0.03859233273666256,0.19337607002257556,0.06506599950474003,0.041062273320388004,0.07142328523368165,0.29319851466217894,0.10723005286003547,0.14657308626175702,0.029374393996326405,0.19113957445938362,0.08091659148179202,0.13169280459595836,0.035662013391040186
none,Transformer,retccl,0.2157815005302419,0.10903378562511498,0.037366750701901104,0.04192777429949273,0.12080169335365502,0.04958676553896167,0.1526867446899484,0.025585283402857265,0.08720512562675725,0.058430765225349166,0.054488850317382945,0.04331750873551414,0.021516938686370668,0.019714753939465552,0.07076055567581177,0.06459816396541031,0.09413922002029547,0.03507597400075192
none,Transformer,swav,0.06837454099655327,0.04819344877072899,0.035653450950622376,0.0535404682332919,0.07988574520111284,0.033985859670724,0.061585932731625735,0.029931340582076534,0.10540511184615964,0.05390337469098589,0.16309099265136745,0.06615067357394554,0.05165161657333409,0.028201391909903784,0.07182579796630764,0.05877097860893098,0.0848710673065205,0.042891988086614576
none,Transformer,swin,0.1669783021926785,0.05315825493618929,0.11343756006622517,0.025500011816835057,0.08919506088257065,0.03756137547770162,0.18668878650665663,0.06879264597922449,0.09311942034645677,0.03349528809288898,0.13367922373809862,0.04780643911899595,0.21433401870728075,0.03569831589971466,0.15949123661834713,0.08083180241520109,0.08552216460419176,0.036302482899111636
none,Transformer,vit,0.20401285548210715,0.08004857472229768,0.1012730984535185,0.021977177927185954,0.13472810998917356,0.053939637573412705,0.17737809991836634,0.050256057693907445,0.1091193872062689,0.015601721882625333,0.059042919359586846,0.05352707646525278,0.17477172183991085,0.03541090428564944,0.20840234320481046,0.06855337974585321,0.07904186417770054,0.0319673329037376
simple_rotate,AttentionMIL,bt,,,0.033675839014436666,0.025450411778695146,,,,,0.12311357269286992,0.02799853536223059,,,0.04330191434860343,0.051040566627332265,,,0.08050992866516705,0.03548738179480153
simple_rotate,AttentionMIL,ctranspath,,,0.016314293451691074,0.02467894582737148,,,,,0.011427867507934746,0.014280724562898585,,,0.026298533096313657,0.02272530461711644,,,0.002092305622100845,0.00428146332857271
simple_rotate,AttentionMIL,dino_p16,,,0.03904416710891725,0.02672840371419962,,,,,0.01294217119216902,0.017129682680783687,,,0.017852972164153845,0.02041989205293189,,,0.05567998071670469,0.03223183592796127
simple_rotate,AttentionMIL,owkin,,,0.07114013583221487,0.026144271332446175,,,,,0.10511356601714687,0.029782848197046352,,,0.061034808769223535,0.0596578878433351,,,0.06819472690582197,0.03223936442198719
simple_rotate,AttentionMIL,resnet50,,,0.09832456261673198,0.03546203651995997,,,,,0.02685645828247098,0.02609626251799364,,,0.1309842926406823,0.04094116509962328,,,0.13325956245422074,0.03243738452647675
simple_rotate,AttentionMIL,retccl,,,0.03813039214172263,0.028087026679618193,,,,,0.04442784795761027,0.027730275324685364,,,0.026523039951322692,0.025151521890455466,,,0.045428816280365554,0.0333992320797978
simple_rotate,AttentionMIL,swav,,,0.06017493159332385,0.0310765080706706,,,,,0.09859930286407029,0.05205853461513033,,,0.06919979871750212,0.03856041872792,,,0.05917619844436613,0.031461205063253526
simple_rotate,AttentionMIL,swin,,,0.15554903895415365,0.052251510763583864,,,,,0.06605646619796694,0.02173376233993368,,,0.27997419656753697,0.03219990432228692,,,0.053150168857573614,0.03338838995985932
simple_rotate,AttentionMIL,vit,,,0.10335025937118456,0.018870776929619672,,,,,0.07577071199417501,0.029622211911640512,,,0.1500920397186355,0.02638516471960403,,,0.06839844366073639,0.04783729323574998
simple_rotate,MeanAveragePooling,bt,,,0.03890073189544548,0.013900962657949368,,,,,0.07996366282653904,0.023568269689033798,,,0.059107739925387946,0.04310323166867545,,,0.0586047172546398,0.01823339900508653
simple_rotate,MeanAveragePooling,ctranspath,,,0.04061403164673059,0.022041936705410842,,,,,0.011335077487945537,0.01552077091283381,,,0.04190797328948945,0.027733796136854557,,,0.0,0.0
simple_rotate,MeanAveragePooling,dino_p16,,,0.035702549312588316,0.019294704946259917,,,,,0.051220789157868686,0.029640113761765927,,,0.004281706809997661,0.009898132354941606,,,0.09007462263107427,0.005452342122011392
simple_rotate,MeanAveragePooling,owkin,,,0.04703894743728598,0.019697797466956376,,,,,0.033620801174164223,0.02924371034460749,,,0.1333501529693598,0.028994790725890607,,,0.08052699565887518,0.011189849083639406
simple_rotate,MeanAveragePooling,resnet50,,,0.0020075429420470434,0.004624725916315806,,,,,0.038592245780943966,0.030096689814790467,,,0.11859144687652876,0.024866970898654545,,,0.08019074201584066,0.010422541736846902
simple_rotate,MeanAveragePooling,retccl,,,0.0347887981872558,0.01444455570925958,,,,,0.06899221202087562,0.026917832514161414,,,0.08365882158279506,0.026236218636900715,,,0.01137107610702545,0.003831082236793982
simple_rotate,MeanAveragePooling,swav,,,0.040956698749543295,0.0176207718069395,,,,,0.11402079125595191,0.025208138870623797,,,0.07672837495803753,0.03915757716314201,,,0.07002990245819499,0.003028338328745843
simple_rotate,MeanAveragePooling,swin,,,0.1008081902008123,0.028953840666747197,,,,,0.056477918827059145,0.026787102398244958,,,0.16777776002884762,0.039580617934866905,,,0.07554526329040621,0.00984469928946725
simple_rotate,MeanAveragePooling,vit,,,0.07579393276977774,0.015289167073929083,,,,,0.0909065034027067,0.024099636039078567,,,0.10299100399017129,0.022406230998265712,,,0.06582399606704921,0.007414747070756059
simple_rotate,Transformer,bt,,,0.04786440534591587,0.03996612150367796,,,,,0.06471754410079791,0.02997393949152447,,,0.04684400091171458,0.04052622087296084,,,0.01719965424987843,0.017526185078032934
simple_rotate,Transformer,ctranspath,,,0.017024878692628316,0.0244631481749183,,,,,0.08083182670883066,0.030188977084115855,,,0.039604933357240274,0.0447432746513851,,,0.01330071177932698,0.014993997959898203
simple_rotate,Transformer,dino_p16,,,0.0805885593414322,0.033252122420929627,,,,,0.02348897554687531,0.02307357317138823,,,0.027062852478028296,0.02249294451946256,,,0.028973228602142437,0.02526210275616605
simple_rotate,Transformer,owkin,,,0.08944064779281617,0.03141625557461233,,,,,0.08057469227127337,0.025268068018571378,,,0.08444219360351585,0.02438760319288892,,,0.056936604647371034,0.0414751160974617
simple_rotate,Transformer,resnet50,,,0.09286725921630891,0.04722277179438214,,,,,0.04337468244842688,0.05426676798259275,,,0.17689450511932836,0.04185111876251917,,,0.08889237132522612,0.01543501618310933
simple_rotate,Transformer,retccl,,,0.06356971664429381,0.043955778196038485,,,,,0.09477468230537643,0.04195524486322087,,,0.020974190330505765,0.020280591684742263,,,0.06921450582000652,0.04893008932560596
simple_rotate,Transformer,swav,,,0.041239623260499035,0.029315920930920673,,,,,0.11906041004470383,0.044001880668627084,,,0.04810662994384657,0.022257347762795303,,,0.06126955237838638,0.04248666583041279
simple_rotate,Transformer,swin,,,0.10348976058960234,0.038366193969887046,,,,,0.044317568324127865,0.027569857277843477,,,0.2397171927452113,0.03708223852653534,,,0.062010855345456806,0.03436013419103467
simple_rotate,Transformer,vit,,,0.08367253942490058,0.036586371697092314,,,,,0.07883182861618247,0.04218604547981604,,,0.14527273902893756,0.04106805683829704,,,0.06672534432861355,0.033521381459066496
