model,,,,AttentionMIL,AttentionMIL,MeanAveragePooling,MeanAveragePooling,Transformer,Transformer
stats,,,,mean,std,mean,std,mean,std
magnification,augmentations,feature_extractor,target,,,,,,
high,Macenko_patchwise,bt,CDH1,0.0,0.0,,,,
high,Macenko_patchwise,bt,PIK3CA,0.0,0.0,,,,
high,Macenko_patchwise,bt,TP53,0.0,0.0,,,,
high,Macenko_patchwise,bt,subtype,0.0,0.0,,,,
high,Macenko_patchwise,ctranspath,CDH1,0.0,0.0,,,,
high,Macenko_patchwise,ctranspath,PIK3CA,0.0,0.0,,,,
high,Macenko_patchwise,ctranspath,TP53,0.0,0.0,,,,
high,Macenko_patchwise,ctranspath,subtype,0.0,0.0,,,,
high,Macenko_patchwise,dino_p16,CDH1,0.0,0.0,,,,
high,Macenko_patchwise,dino_p16,PIK3CA,0.0,0.0,,,,
high,Macenko_patchwise,dino_p16,TP53,0.0,0.0,,,,
high,Macenko_patchwise,dino_p16,subtype,0.0,0.0,,,,
high,Macenko_patchwise,mocov2,CDH1,0.0,0.0,,,,
high,Macenko_patchwise,mocov2,PIK3CA,0.0,0.0,,,,
high,Macenko_patchwise,mocov2,TP53,0.0,0.0,,,,
high,Macenko_patchwise,mocov2,subtype,0.0,0.0,,,,
high,Macenko_patchwise,owkin,CDH1,0.0,0.0,,,,
high,Macenko_patchwise,owkin,PIK3CA,0.0,0.0,,,,
high,Macenko_patchwise,owkin,TP53,0.0,0.0,,,,
high,Macenko_patchwise,owkin,subtype,0.0,0.0,,,,
high,Macenko_patchwise,owkin_teacher,CDH1,0.0,0.0,,,,
high,Macenko_patchwise,owkin_teacher,PIK3CA,0.0,0.0,,,,
high,Macenko_patchwise,owkin_teacher,TP53,0.0,0.0,,,,
high,Macenko_patchwise,owkin_teacher,subtype,0.0,0.0,,,,
high,Macenko_patchwise,resnet50,CDH1,0.0,0.0,,,,
high,Macenko_patchwise,resnet50,PIK3CA,0.0,0.0,,,,
high,Macenko_patchwise,resnet50,TP53,0.0,0.0,,,,
high,Macenko_patchwise,resnet50,subtype,0.0,0.0,,,,
high,Macenko_patchwise,retccl,CDH1,0.0,0.0,,,,
high,Macenko_patchwise,retccl,PIK3CA,0.0,0.0,,,,
high,Macenko_patchwise,retccl,TP53,0.0,0.0,,,,
high,Macenko_patchwise,retccl,subtype,0.0,0.0,,,,
high,Macenko_patchwise,swav,CDH1,0.0,0.0,,,,
high,Macenko_patchwise,swav,PIK3CA,0.0,0.0,,,,
high,Macenko_patchwise,swav,TP53,0.0,0.0,,,,
high,Macenko_patchwise,swav,subtype,0.0,0.0,,,,
high,Macenko_patchwise,swin,CDH1,0.0,0.0,,,,
high,Macenko_patchwise,swin,PIK3CA,0.0,0.0,,,,
high,Macenko_patchwise,swin,TP53,0.0,0.0,,,,
high,Macenko_patchwise,swin,subtype,0.0,0.0,,,,
high,Macenko_patchwise,vit,CDH1,0.0,0.0,,,,
high,Macenko_patchwise,vit,PIK3CA,0.0,0.0,,,,
high,Macenko_patchwise,vit,TP53,0.0,0.0,,,,
high,Macenko_patchwise,vit,subtype,0.0,0.0,,,,
high,Macenko_patchwise,vits,CDH1,0.0,0.0,,,,
high,Macenko_patchwise,vits,PIK3CA,0.0,0.0,,,,
high,Macenko_patchwise,vits,TP53,0.0,0.0,,,,
high,Macenko_patchwise,vits,subtype,0.0,0.0,,,,
high,none,bt,CDH1,0.0,0.0,,,,
high,none,bt,PIK3CA,0.0,0.0,,,,
high,none,bt,TP53,0.0,0.0,,,,
high,none,bt,subtype,0.0,0.0,,,,
high,none,ctranspath,CDH1,0.0,0.0,,,,
high,none,ctranspath,PIK3CA,0.0,0.0,,,,
high,none,ctranspath,TP53,0.0,0.0,,,,
high,none,ctranspath,subtype,0.0,0.0,,,,
high,none,dino_p16,CDH1,0.0,0.0,,,,
high,none,dino_p16,PIK3CA,0.0,0.0,,,,
high,none,dino_p16,TP53,0.0,0.0,,,,
high,none,dino_p16,subtype,0.0,0.0,,,,
high,none,mocov2,CDH1,0.0,0.0,,,,
high,none,mocov2,PIK3CA,0.0,0.0,,,,
high,none,mocov2,TP53,0.0,0.0,,,,
high,none,mocov2,subtype,0.0,0.0,,,,
high,none,owkin,CDH1,0.0,0.0,,,,
high,none,owkin,PIK3CA,0.0,0.0,,,,
high,none,owkin,TP53,0.0,0.0,,,,
high,none,owkin,subtype,0.0,0.0,,,,
high,none,owkin_teacher,CDH1,0.0,0.0,,,,
high,none,owkin_teacher,PIK3CA,0.0,0.0,,,,
high,none,owkin_teacher,TP53,0.0,0.0,,,,
high,none,owkin_teacher,subtype,0.0,0.0,,,,
high,none,resnet50,CDH1,0.0,0.0,,,,
high,none,resnet50,PIK3CA,0.0,0.0,,,,
high,none,resnet50,TP53,0.0,0.0,,,,
high,none,resnet50,subtype,0.0,0.0,,,,
high,none,retccl,CDH1,0.0,0.0,,,,
high,none,retccl,PIK3CA,0.0,0.0,,,,
high,none,retccl,TP53,0.0,0.0,,,,
high,none,retccl,subtype,0.0,0.0,,,,
high,none,swav,CDH1,0.0,0.0,,,,
high,none,swav,PIK3CA,0.0,0.0,,,,
high,none,swav,TP53,0.0,0.0,,,,
high,none,swav,subtype,0.0,0.0,,,,
high,none,swin,CDH1,0.0,0.0,,,,
high,none,swin,PIK3CA,0.0,0.0,,,,
high,none,swin,TP53,0.0,0.0,,,,
high,none,swin,subtype,0.0,0.0,,,,
high,none,vit,CDH1,0.0,0.0,,,,
high,none,vit,PIK3CA,0.0,0.0,,,,
high,none,vit,TP53,0.0,0.0,,,,
high,none,vit,subtype,0.0,0.0,,,,
high,none,vits,CDH1,0.0,0.0,,,,
high,none,vits,PIK3CA,0.0,0.0,,,,
high,none,vits,TP53,0.0,0.0,,,,
high,none,vits,subtype,0.0,0.0,,,,
low,Macenko_patchwise,bt,BRAF,0.15040426039695737,0.07767413731159582,0.016893605232238755,0.015915848767442595,0.01110904598236084,0.01680280473870144
low,Macenko_patchwise,bt,CDH1,0.016881786823272717,0.020148362994436016,0.028418051242828368,0.02024885939205574,0.0052313079833984375,0.007372107439409959
low,Macenko_patchwise,bt,KRAS,0.06845570611953739,0.057130138740813956,0.008226726531982422,0.0187416606170584,0.0816501717567444,0.05582488990380779
low,Macenko_patchwise,bt,MSI,0.2809670925140379,0.07537101496858094,0.06255145072937011,0.0357317261203837,0.0,0.0
low,Macenko_patchwise,bt,PIK3CA,0.08068001031875612,0.030714847381585166,0.01759427547454834,0.0229435700719708,0.011622867584228522,0.018688431470284823
low,Macenko_patchwise,bt,SMAD4,0.1364756515026093,0.07803375950866469,0.018069576263427735,0.026393022458925938,0.06468564176559446,0.06089225559458642
low,Macenko_patchwise,bt,TP53,0.008267116069793698,0.015542717371367672,0.10557349872589113,0.04514475401674353,0.026056110382080087,0.029099279946624267
low,Macenko_patchwise,bt,lymph,0.20387499642372126,0.13395398732871344,0.19934042406082159,0.11844775236803018,0.005322513103485106,0.018132061702389096
low,Macenko_patchwise,bt,subtype,0.08683511734008792,0.04027172361157516,0.03970674991607665,0.03791620208857125,0.006596167087554931,0.012951073898294793
low,Macenko_patchwise,ctranspath,BRAF,0.04615425157546998,0.032372682728641765,0.021619680404663093,0.03209903622005748,0.05306915330886841,0.054423417746234
low,Macenko_patchwise,ctranspath,CDH1,0.01748486852645874,0.027805391027958305,0.0323335657119751,0.022083017831543143,0.036445487499237074,0.032170419982043556
low,Macenko_patchwise,ctranspath,KRAS,0.01839187717437744,0.022140421467026262,0.03948799347877502,0.04785342339807077,0.03156759119033813,0.030601818464248004
low,Macenko_patchwise,ctranspath,MSI,0.054995900154113764,0.05457147224820209,0.017392986774444574,0.018979545072160955,0.02310287332534791,0.035068151001784495
low,Macenko_patchwise,ctranspath,PIK3CA,0.022214851856231694,0.018020603794237942,0.009243438720703122,0.015346253587304218,0.03210056829452515,0.029512747617615912
low,Macenko_patchwise,ctranspath,SMAD4,0.006309923171997068,0.01021090943144943,0.015924104690551756,0.014559819049698958,0.03319165372848511,0.05041160293262424
low,Macenko_patchwise,ctranspath,TP53,0.018989896774291994,0.021882466125067574,0.09878785610198974,0.02214704368323901,0.00521324872970581,0.010065545351687357
low,Macenko_patchwise,ctranspath,lymph,0.022085356712341325,0.04170808289982634,0.23100383281707773,0.1014268237958808,0.049305737018585226,0.06858038983202484
low,Macenko_patchwise,ctranspath,subtype,0.012911080360412603,0.015772350245538816,0.02152414226531981,0.01880728427256,0.021015225887298587,0.024217208260945002
low,Macenko_patchwise,dino_p16,BRAF,0.06404788541793822,0.0629870549838675,0.006135643005371092,0.012521463572289587,0.12156115818023674,0.08453177680754302
low,Macenko_patchwise,dino_p16,CDH1,0.0027412858009338383,0.006616893486434165,0.03997715377807619,0.016999270473363207,0.02918330097198485,0.03326680041313046
low,Macenko_patchwise,dino_p16,KRAS,0.024094603061676018,0.02913670788603815,0.02135435104370116,0.02869006325914958,0.053336355686187734,0.03453409393306885
low,Macenko_patchwise,dino_p16,MSI,0.013008235454559368,0.01978888086678975,0.049890969753265374,0.034136170450936566,0.028543196678161572,0.0337370064582215
low,Macenko_patchwise,dino_p16,PIK3CA,0.015093718528747553,0.01871004807936153,0.050265131950378426,0.024183171630412895,0.016922269821166996,0.02276717580012162
low,Macenko_patchwise,dino_p16,SMAD4,0.02089817810058592,0.02683353361833705,0.030955090999603273,0.026569845000376815,0.04335230875015257,0.0514135294778382
low,Macenko_patchwise,dino_p16,TP53,0.024601566791534427,0.025318740428803756,0.1160717964172363,0.043065703180263586,0.0013411879539489734,0.002870760425986056
low,Macenko_patchwise,dino_p16,lymph,0.04461757898330685,0.053242496406274174,0.160232172012329,0.13357974950891804,0.025658605098724366,0.042875699671826424
low,Macenko_patchwise,dino_p16,subtype,0.020197220802307125,0.019890559510862073,0.030972321987152107,0.017126615935892653,0.010251327514648441,0.01698750232002065
low,Macenko_patchwise,mocov2,BRAF,0.07526594161987309,0.048426522000939685,0.0018617010116577153,0.008852824223115889,0.13829787731170654,0.04093378084007021
low,Macenko_patchwise,mocov2,CDH1,0.01732952785491943,0.011946427228867693,0.0014528889656066888,0.0032213521755562018,0.0332061667442322,0.033107123396648425
low,Macenko_patchwise,mocov2,KRAS,0.008235741615295411,0.0146660019063599,0.022237254142761228,0.02135001866830748,0.05237985944747926,0.042460405051008794
low,Macenko_patchwise,mocov2,MSI,0.07101851654052732,0.04835329651557426,0.0155658597946167,0.01943072747166796,0.048436188220977776,0.04845889198202146
low,Macenko_patchwise,mocov2,PIK3CA,0.046348571777343764,0.02719687117161865,0.043605709075927715,0.0183455730548761,0.0007771492004394535,0.002655191205258179
low,Macenko_patchwise,mocov2,SMAD4,0.028422520637512202,0.033202868625851076,0.004260597705841066,0.0059513388132968045,0.04632258224487305,0.054590288927869525
low,Macenko_patchwise,mocov2,TP53,0.0,0.0,0.12087539434432985,0.009862835011735705,0.058361399173736575,0.03038946017925507
low,Macenko_patchwise,mocov2,lymph,0.03869733619689942,0.05447977452610024,0.16417437601089477,0.12049296360327211,0.03848403501510618,0.042584890965790656
low,Macenko_patchwise,mocov2,subtype,0.059756214618682794,0.030716332339104223,0.00813180923461914,0.01633609787805754,0.0342581582069397,0.020684587554661127
low,Macenko_patchwise,owkin,BRAF,0.0484654293060303,0.03804130085635011,0.007973419189453124,0.016437273805805005,0.025859032630920414,0.024559032433104103
low,Macenko_patchwise,owkin,CDH1,0.010334681510925288,0.009593554949648584,0.005537401676177977,0.008318892880709495,0.038889776706695564,0.0245765098772494
low,Macenko_patchwise,owkin,KRAS,0.03305407238006592,0.04336735654116553,0.024307782173156742,0.026013620015139516,0.030801815509796136,0.04820863442406274
low,Macenko_patchwise,owkin,MSI,0.025545253276824956,0.03401385050017006,0.01937242937088013,0.028130837087070468,0.04313785028457643,0.030878825815394684
low,Macenko_patchwise,owkin,PIK3CA,0.0104056921005249,0.013159358572625979,0.05397715234756471,0.03809444454412931,0.015320011615753167,0.022428036634831915
low,Macenko_patchwise,owkin,SMAD4,0.04066034793853761,0.0476992366072999,0.07272866010665892,0.06581614867133885,0.0262390637397766,0.033025364739973175
low,Macenko_patchwise,owkin,TP53,0.03318744897842405,0.03174561670752382,0.14870375394821167,0.03469263558253713,0.009197521209716798,0.020015303208863584
low,Macenko_patchwise,owkin,lymph,0.05283514070510867,0.07916216626840338,0.1917860131263733,0.14600177639870113,0.036068699836730944,0.05057094022980566
low,Macenko_patchwise,owkin,subtype,0.035653405189514174,0.026456710685911617,0.04573940515518188,0.02344242735984046,0.0013007926940917971,0.0048688035002303846
low,Macenko_patchwise,owkin_teacher,BRAF,0.05193616199493409,0.02842682310739905,0.055992007732391366,0.051487659078328925,0.007986701011657712,0.01733787042162753
low,Macenko_patchwise,owkin_teacher,CDH1,0.0201896243095398,0.01696053292921356,0.004484289169311522,0.008174614094767137,0.026357524871826167,0.022130915250899292
low,Macenko_patchwise,owkin_teacher,KRAS,0.024669679164886466,0.033504947389119084,0.03101352071762084,0.03136503291748361,0.052897914409637446,0.050342626893456324
low,Macenko_patchwise,owkin_teacher,MSI,0.06260699892044068,0.05426234463350605,0.017596730232238747,0.027643230061116245,0.04172218704223629,0.04622910393155661
low,Macenko_patchwise,owkin_teacher,PIK3CA,0.025396579265594486,0.023927750233714913,0.030825119972229,0.03017667340285471,0.03173940753936767,0.0358796592575952
low,Macenko_patchwise,owkin_teacher,SMAD4,0.0778038988113403,0.06620674048171762,0.06022012329101563,0.046225915421451554,0.025558496475219725,0.043936673886203384
low,Macenko_patchwise,owkin_teacher,TP53,0.006818175315856931,0.014171821321607072,0.1927889823913574,0.04604385357241876,0.023035919666290285,0.018515156938798374
low,Macenko_patchwise,owkin_teacher,lymph,0.0354025444984436,0.04933854674048739,0.16952118492126464,0.1342701271490538,0.0516362986564636,0.07586558788893313
low,Macenko_patchwise,owkin_teacher,subtype,0.06773745489120488,0.03502935759272452,0.03175324869155883,0.030050518139467845,0.0032553858757019033,0.006658697705708441
low,Macenko_patchwise,resnet50,BRAF,0.04374733972549438,0.052548653115569076,0.05146010923385619,0.03873339289231158,0.025928209304809564,0.0376948602712546
low,Macenko_patchwise,resnet50,CDH1,0.0835202660560608,0.07125979986465404,0.040402063369750954,0.06163378808789617,0.06513077878952027,0.06199020383807009
low,Macenko_patchwise,resnet50,KRAS,0.10574324131011958,0.03686179199127444,0.0,0.0,0.11490241885185246,0.045079274735240205
low,Macenko_patchwise,resnet50,MSI,0.03941974210739135,0.031904148056349536,0.011539085388183585,0.023536920922664017,0.07398765850067136,0.05910178167358499
low,Macenko_patchwise,resnet50,PIK3CA,0.0187313985824585,0.024495192851037916,0.04904566526412966,0.02682869356415293,0.03684571504592895,0.04963755342781969
low,Macenko_patchwise,resnet50,SMAD4,0.05661225700378417,0.06472373130719679,0.044341562032699594,0.06905917410313986,0.2186616101264954,0.11386603793363895
low,Macenko_patchwise,resnet50,TP53,0.02175084114074707,0.04368347896590105,0.01796294212341309,0.01401819431784447,0.07969133615493769,0.038573513414587215
low,Macenko_patchwise,resnet50,lymph,0.056304885864257796,0.0678959936101281,0.17730852556228635,0.10703768861911143,0.03140230369567872,0.054036147486715334
low,Macenko_patchwise,resnet50,subtype,0.08631992340087889,0.0239048928271527,0.0,0.0,0.0718717813491821,0.04842279880042223
low,Macenko_patchwise,retccl,BRAF,0.060656908988952624,0.03830660292588774,0.01956649208068848,0.0314808070639157,0.056734029293060304,0.06020072544337081
low,Macenko_patchwise,retccl,CDH1,0.017685879707336424,0.021441074929928527,0.030364359855651855,0.020045571871018974,0.028422607421875024,0.025795428049061698
low,Macenko_patchwise,retccl,KRAS,0.010435434341430665,0.020705638439416578,0.03926425790786745,0.04504410383390458,0.09024023628234866,0.048612625793430335
low,Macenko_patchwise,retccl,MSI,0.03296294832229613,0.030647555580045508,0.010329216957092286,0.01613707389384044,0.044331258773803686,0.032987096901238466
low,Macenko_patchwise,retccl,PIK3CA,0.0022114291191101076,0.005334180369135273,0.02352571630477905,0.01742108946024501,0.02909714126586914,0.017807851909922366
low,Macenko_patchwise,retccl,SMAD4,0.026960147380828855,0.0330813797659063,0.012918389797210694,0.023159114418382455,0.03119801378250123,0.029216934309344685
low,Macenko_patchwise,retccl,TP53,0.021133561134338376,0.033356593526156386,0.12416384935379039,0.03669195488893972,0.02868126153945922,0.036585337320498894
low,Macenko_patchwise,retccl,lymph,0.048906202316284175,0.07470046255975638,0.15791229724884037,0.09792515986335792,0.03671046018600465,0.05286441455295964
low,Macenko_patchwise,retccl,subtype,0.06719562530517582,0.030447713133739455,0.004232640266418457,0.008565421078181602,0.03612893342971803,0.022894231432827206
low,Macenko_patchwise,swav,BRAF,0.08001332378387449,0.047195728048410726,0.014255333900451658,0.020570132137360773,0.07276595926284793,0.10441410436743517
low,Macenko_patchwise,swav,CDH1,0.027527134418487555,0.03054367263685432,0.051170747280120846,0.020745419945131207,0.002284400463104249,0.005515784297909002
low,Macenko_patchwise,swav,KRAS,0.026447463035583485,0.03949009611485059,0.05403753519058228,0.04644191368219453,0.06041892170906068,0.05316571979906231
low,Macenko_patchwise,swav,MSI,0.04904115581512449,0.047884345759020695,0.04924688720703124,0.04028437868107839,0.004493824481964112,0.008724277769698727
low,Macenko_patchwise,swav,PIK3CA,0.01043429613113404,0.022426146364319905,0.09060571432113647,0.03037780838704271,0.030262842178344736,0.03240381331367115
low,Macenko_patchwise,swav,SMAD4,0.019906390190124506,0.028260383483567422,0.023321962833404545,0.024106500449948862,0.03730043220520018,0.021806301901719644
low,Macenko_patchwise,swav,TP53,0.017081949710845947,0.0271965464177888,0.10633557796478268,0.02803528113215005,0.00928169250488281,0.010990256282468743
low,Macenko_patchwise,swav,lymph,0.047155763626098635,0.06062184026435293,0.154180814743042,0.12115458511184775,0.038331331729888916,0.05149222065008479
low,Macenko_patchwise,swav,subtype,0.009576928138732912,0.012497482067016051,0.026947593212127682,0.012550935641786281,0.01786227178573609,0.022297042525130057
low,Macenko_patchwise,swin,BRAF,0.02985639238357544,0.045818943513136784,0.032316490650177006,0.042211755642946706,0.131119665145874,0.07368059394031512
low,Macenko_patchwise,swin,CDH1,0.05674929380416871,0.04296276279146973,0.015173027515411374,0.020701487972829186,0.035732731819152826,0.03890123676301417
low,Macenko_patchwise,swin,KRAS,0.07352850914001466,0.045782293028728126,0.0005555558204650879,0.0021891062488941485,0.11448197841644285,0.03873974203393336
low,Macenko_patchwise,swin,MSI,0.023477363586425777,0.021225063274322907,0.004341578483581544,0.010831686413658025,0.07646092176437377,0.0415560136889771
low,Macenko_patchwise,swin,PIK3CA,0.021617169380187994,0.024459661470787698,0.0033028554916381832,0.006113935460437567,0.05381716012954712,0.030143572223488346
low,Macenko_patchwise,swin,SMAD4,0.14031624078750618,0.02347853823505384,0.008627443313598637,0.01476219767361563,0.04227703094482421,0.051227827103432155
low,Macenko_patchwise,swin,TP53,0.06026600790023804,0.04319375854007217,0.025501694202423094,0.035000393880106964,0.020170583248138422,0.02512817376063876
low,Macenko_patchwise,swin,lymph,0.035953104019165065,0.05018046383968584,0.13710211467742922,0.10120055776438328,0.06425070714950562,0.07902723959465092
low,Macenko_patchwise,swin,subtype,0.011110302925109866,0.014644510034882503,0.006086692333221435,0.007102763713064729,0.03767976474761964,0.03773605631711982
low,Macenko_patchwise,vit,BRAF,0.033127670288085935,0.0410505478186672,0.029603712558746356,0.04379290854816939,0.11058775663375857,0.04663301482154752
low,Macenko_patchwise,vit,CDH1,0.0184625973701477,0.022381006675225808,0.021660768032073976,0.01890644385154092,0.018691038131713866,0.019238784878934663
low,Macenko_patchwise,vit,KRAS,0.030318296432495114,0.03823633752849391,0.031106603622436498,0.035634283672670464,0.06729276227951049,0.06634918250442644
low,Macenko_patchwise,vit,MSI,0.01067284107208252,0.02200198593186345,0.04374896049499512,0.030512329013575704,0.08222634553909303,0.06802914205340505
low,Macenko_patchwise,vit,PIK3CA,0.018821703910827645,0.025519633408819735,0.02316455793380737,0.022937521080837398,0.045536005020141615,0.02741063531225604
low,Macenko_patchwise,vit,SMAD4,0.002479445934295656,0.007389125803059296,0.03473749160766601,0.028014404492274034,0.08654013872146608,0.03557886124229305
low,Macenko_patchwise,vit,TP53,0.0002356910705566407,0.0011546457195881553,0.033597102165222166,0.01889289964441619,0.05079686880111694,0.027531586579867214
low,Macenko_patchwise,vit,lymph,0.06933855628967284,0.08812933549536894,0.1433647713661194,0.10931997498751315,0.07484085178375242,0.08781523580639014
low,Macenko_patchwise,vit,subtype,0.06549450159072878,0.029364367909526658,0.0,0.0,0.07134009599685667,0.03120147776082541
low,Macenko_patchwise,vits,BRAF,0.034388311624526983,0.05585986736151479,0.03944148612022402,0.05001279198657318,0.04469415140151978,0.03091400638331486
low,Macenko_patchwise,vits,CDH1,0.03614390897750853,0.027939049823122737,0.023008547306060785,0.029691745617063267,0.036715004920959464,0.05026298988384879
low,Macenko_patchwise,vits,KRAS,0.0684834909439087,0.05745168496842977,0.019909913539886484,0.028043474853096714,0.05433183431625366,0.05781225599944052
low,Macenko_patchwise,vits,MSI,0.016045272827148443,0.024319361588583485,0.03152880716323855,0.022417729783986064,0.02561317729949951,0.022281048207251446
low,Macenko_patchwise,vits,PIK3CA,0.004321146488189695,0.010303856208392886,0.02343541431427003,0.019667386660787163,0.047235417842864974,0.044523216263173127
low,Macenko_patchwise,vits,SMAD4,0.031655904769897464,0.02559134801107098,0.06359772396087647,0.04402777665013406,0.02362303447723389,0.04441569279087596
low,Macenko_patchwise,vits,TP53,0.003635239601135252,0.011032594219985776,0.07728843688964841,0.05281824901260508,0.07549271583557127,0.034126598989596725
low,Macenko_patchwise,vits,lymph,0.0742411952018738,0.06821364083103033,0.12304243850708015,0.1100313357224667,0.05021476554870604,0.0717530530074579
low,Macenko_patchwise,vits,subtype,0.02741262197494507,0.01807035727142693,0.00031892538070678707,0.00156240889750899,0.036185805797576916,0.026089796760374442
low,Macenko_slidewise,bt,BRAF,0.20765957546234132,0.06789079460667653,0.03664892625808718,0.06539128144151449,0.0331914932727814,0.05843590531282258
low,Macenko_slidewise,bt,CDH1,0.023744152069091796,0.025175728434894653,0.03516619014739991,0.019482569740273327,0.00980922985076905,0.01695963391047336
low,Macenko_slidewise,bt,KRAS,0.0558881287574768,0.05944281508616947,0.07508858489990235,0.05221802344261215,0.015966976165771488,0.027167117047682824
low,Macenko_slidewise,bt,MSI,0.11452678084373474,0.14935606667892792,0.10804530620574951,0.04266356229534944,0.0030041122436523437,0.008632994854510133
low,Macenko_slidewise,bt,PIK3CA,0.04654856204986571,0.01946319964317976,0.008091430664062498,0.007930197265585665,0.0027771401405334464,0.005025652910473957
low,Macenko_slidewise,bt,SMAD4,0.19810246229171757,0.06551716406776291,0.0,0.0,0.02694499492645264,0.015290535101567308
low,Macenko_slidewise,bt,TP53,0.05617846107482909,0.07511322334980912,0.09958474493026731,0.04313800382358846,0.022283957958221433,0.028608542118944615
low,Macenko_slidewise,bt,lymph,0.22461869001388557,0.15767971165342298,0.2654070901870728,0.10522496026345998,0.013242762088775636,0.034995029905960345
low,Macenko_slidewise,bt,subtype,0.10449551582336421,0.055065003322517805,0.06653028964996342,0.040565063056159485,0.0005880260467529294,0.0028807275400212855
low,Macenko_slidewise,ctranspath,BRAF,0.06279254484176638,0.05048846655563429,0.014521270275115966,0.02569571652785445,0.04244680929183959,0.03363154914227777
low,Macenko_slidewise,ctranspath,CDH1,0.03505884218215944,0.040944439066156524,0.062300417900085434,0.022933648053209507,0.010330090999603268,0.019602563273430903
low,Macenko_slidewise,ctranspath,KRAS,0.031123130798339855,0.03353450155375001,0.039343839168548576,0.04584078424133197,0.013555555820465085,0.01809230878083271
low,Macenko_slidewise,ctranspath,MSI,0.0546810722351074,0.008944991540582845,0.004063794612884522,0.0075359758004667505,0.011471185684204098,0.013909263102334028
low,Macenko_slidewise,ctranspath,PIK3CA,0.022834258079528824,0.013624200382453924,0.0013485717773437506,0.0038978970297730985,0.10069143056869509,0.042973225947022305
low,Macenko_slidewise,ctranspath,SMAD4,0.00970523929595947,0.01486152822454082,0.022102468967437734,0.022414277899044318,0.10825045680999755,0.08083248914809399
low,Macenko_slidewise,ctranspath,TP53,0.015224475860595698,0.02340008321400562,0.07911333560943605,0.027646151873346184,0.03203142404556276,0.03853719776995763
low,Macenko_slidewise,ctranspath,lymph,0.05617524099349978,0.08059836734770656,0.22839164447784416,0.09489660317404694,0.03293679666519162,0.05788834362012961
low,Macenko_slidewise,ctranspath,subtype,0.02030091667175293,0.016716882544939856,0.014967755317687985,0.017955513523237685,0.05288770580291749,0.03468146665632468
low,Macenko_slidewise,dino_p16,BRAF,0.038239349842071536,0.040992618561961174,0.02686966848373413,0.04204359979747836,0.08764095497131345,0.06422892717672365
low,Macenko_slidewise,dino_p16,CDH1,0.0066202211380004886,0.013123296441181286,0.03243403911590576,0.025009648253160665,0.03506112575531005,0.03455720194086435
low,Macenko_slidewise,dino_p16,KRAS,0.02139491319656372,0.03358613222141101,0.03986336469650268,0.03376922107003596,0.0760119962692261,0.043492997965661105
low,Macenko_slidewise,dino_p16,MSI,0.01309054374694825,0.024240419083867756,0.03284360647201536,0.018666512144153317,0.03325512886047359,0.0292553480701713
low,Macenko_slidewise,dino_p16,PIK3CA,0.00028571128845214836,0.0010659755572019428,0.032800009250640846,0.013389731438838823,0.030371441841125498,0.024903800173688147
low,Macenko_slidewise,dino_p16,SMAD4,0.05776597023010255,0.05786688565483296,0.030821011066436758,0.02674876874347038,0.04309171199798585,0.05551837642518845
low,Macenko_slidewise,dino_p16,TP53,0.02412793016433715,0.026716966559944894,0.10067111825942993,0.04869867349376312,0.010716050624847406,0.022279823270427365
low,Macenko_slidewise,dino_p16,lymph,0.04560269021987916,0.06468826031581622,0.14378127956390377,0.10582474742134294,0.03481640720367431,0.0429694977009658
low,Macenko_slidewise,dino_p16,subtype,0.030894209861755378,0.026626132816463904,0.048339559555053715,0.021641187198469955,0.004606928348541262,0.010584808816955903
low,Macenko_slidewise,mocov2,BRAF,0.10412232875823973,0.035952972442854135,0.0,0.0,0.12626332044601446,0.08198167244711353
low,Macenko_slidewise,mocov2,CDH1,0.028555088043212898,0.014120898279548655,0.0011422085762023927,0.0030776047990257317,0.026384906768798823,0.02533994656699063
low,Macenko_slidewise,mocov2,KRAS,0.0043918929100036615,0.010378218719408455,0.02860356187820434,0.02389497692366664,0.06719218111038208,0.04287697503378974
low,Macenko_slidewise,mocov2,MSI,0.09897119903564457,0.06808409791988314,0.0029320945739746097,0.007974132897903606,0.03230453634262086,0.027184263139156624
low,Macenko_slidewise,mocov2,PIK3CA,0.012010280132293705,0.01590116123721768,0.0076960005760192875,0.009969079128044865,0.06266743326187138,0.028281907337302438
low,Macenko_slidewise,mocov2,SMAD4,0.04636309146881105,0.013773074344532394,0.0,0.0,0.0659076571464538,0.043170449035398135
low,Macenko_slidewise,mocov2,TP53,0.0016049385070800782,0.0054842556939883975,0.11431539058685301,0.017016909152859565,0.04801346063613892,0.04444610021411135
low,Macenko_slidewise,mocov2,lymph,0.04411600732803348,0.057412713307080664,0.18063598775863654,0.1111723298450371,0.03110731744766236,0.04881355250262688
low,Macenko_slidewise,mocov2,subtype,0.03823836612701415,0.03708166259649603,0.009949822902679442,0.011208211093448063,0.04131940174102782,0.02636415720179738
low,Macenko_slidewise,owkin,BRAF,0.0637313857078552,0.02734732706657577,0.024901594161987298,0.03930322176431058,0.05807979249954223,0.06781707559016406
low,Macenko_slidewise,owkin,CDH1,0.029409473896026602,0.030964761225643195,0.014275270462036133,0.01662915141438705,0.023355799674987788,0.019020889741497158
low,Macenko_slidewise,owkin,KRAS,0.10825824975967406,0.04714948033566688,0.018656160831451416,0.026437414590842933,0.041103615760803194,0.052234700653009454
low,Macenko_slidewise,owkin,MSI,0.05449793767929072,0.02944085012512306,0.002646092891693116,0.007722213887935201,0.047656385421752906,0.03094039846918786
low,Macenko_slidewise,owkin,PIK3CA,0.045364563941955566,0.03070162658037298,0.014993136405944824,0.016027920935159284,0.0061645679473876945,0.010415978686931143
low,Macenko_slidewise,owkin,SMAD4,0.047666020393371575,0.04313116719249814,0.06670461416244511,0.04045399771636826,0.01332067966461182,0.022128004496299016
low,Macenko_slidewise,owkin,TP53,0.013002243041992186,0.02124006418766966,0.10971939802169799,0.0428716204790735,0.02950054645538331,0.033997933485716204
low,Macenko_slidewise,owkin,lymph,0.0474820919036865,0.06315340593609849,0.1739830560684204,0.1151586566481552,0.04031921100616456,0.06641964653665318
low,Macenko_slidewise,owkin,subtype,0.005321295738220213,0.01061145275638679,0.03924870061874391,0.018383588239900755,0.019598122119903565,0.017266433384742857
low,Macenko_slidewise,owkin_teacher,BRAF,0.03215692329406736,0.03921139149927021,0.04658512163162232,0.052237740309030396,0.029031923294067386,0.027354157025111674
low,Macenko_slidewise,owkin_teacher,CDH1,0.02621586513519287,0.01718992442085684,0.0036002416610717773,0.007104749534741762,0.021133055210113525,0.01858693750044153
low,Macenko_slidewise,owkin_teacher,KRAS,0.07033783340454106,0.05204449295492575,0.059639634132385266,0.05396148108501331,0.015945936679840095,0.024598367121109087
low,Macenko_slidewise,owkin_teacher,MSI,0.020738684177398704,0.023109940074109204,0.011325084209442088,0.013888188149571731,0.03107818269729613,0.02490720720223805
low,Macenko_slidewise,owkin_teacher,PIK3CA,0.025780566215515142,0.02918187285679608,0.040637667655944835,0.03669739333813721,0.009466286182403565,0.012694893939559722
low,Macenko_slidewise,owkin_teacher,SMAD4,0.067521785736084,0.044400038833473106,0.025965844631195063,0.0433258414257884,0.02647184038162231,0.029517972453085493
low,Macenko_slidewise,owkin_teacher,TP53,0.030325491428375224,0.02861194269008906,0.1279124808311462,0.03406078761426795,0.006475872993469239,0.011403765448270917
low,Macenko_slidewise,owkin_teacher,lymph,0.028928568840026845,0.05058203838452741,0.15111505079269413,0.09542844839839384,0.031478085994720476,0.04654668674650917
low,Macenko_slidewise,owkin_teacher,subtype,0.013048184871673588,0.012479813845980728,0.025070131778717045,0.01681470039761602,0.009374547958374025,0.012533630386204477
low,Macenko_slidewise,resnet50,BRAF,0.046452128887176494,0.024996493264240423,0.011478722095489502,0.017760924938766603,0.04286170005798341,0.04753244703128448
low,Macenko_slidewise,resnet50,CDH1,0.06043174266815187,0.04324327449209891,0.02011194229125976,0.031164957086195804,0.06117416620254517,0.06232612952617905
low,Macenko_slidewise,resnet50,KRAS,0.08586188220977785,0.04955857147817017,0.006582590579986574,0.01488629295834346,0.0486246314048767,0.03355720543190821
low,Macenko_slidewise,resnet50,MSI,0.04708641862869264,0.03904085427415852,0.010769546985626223,0.018926515982404742,0.05130453205108643,0.03769287537900913
low,Macenko_slidewise,resnet50,PIK3CA,0.005838858604431151,0.009289348993701813,0.014496004104614256,0.015325679556018504,0.03386744213104249,0.020206780330472882
low,Macenko_slidewise,resnet50,SMAD4,0.05998484182357786,0.06482190760314156,0.018112578868865966,0.04005319506221411,0.15176216650009153,0.12372635847018429
low,Macenko_slidewise,resnet50,TP53,0.013497192382812499,0.020482252492467167,0.07180246782302854,0.027997646357678437,0.026881033897399903,0.033570385092423924
low,Macenko_slidewise,resnet50,lymph,0.022915494918823234,0.042818983208560084,0.15789042758941646,0.09716808885678292,0.07061241912841791,0.07180097218070597
low,Macenko_slidewise,resnet50,subtype,0.0547025203704834,0.029242303598715127,0.0,0.0,0.06406540870666505,0.025597332433273695
low,Macenko_slidewise,retccl,BRAF,0.038946784496307375,0.02673185476912712,0.005569149017333982,0.013081663310173425,0.13349468207359316,0.07954689506718846
low,Macenko_slidewise,retccl,CDH1,0.0064557533264160165,0.014225710865775447,0.03455399084091187,0.021657613817150527,0.04409137773513795,0.03200235896832162
low,Macenko_slidewise,retccl,KRAS,0.0,0.0,0.035698199272155756,0.017746313235855706,0.10897146463394164,0.03360870461046471
low,Macenko_slidewise,retccl,MSI,0.01824074745178222,0.018572286790396537,0.006460902690887449,0.010974364755778614,0.05959876537323,0.02281370674730253
low,Macenko_slidewise,retccl,PIK3CA,0.008737144470214845,0.014736000069463122,0.017537162303924558,0.012474909405972059,0.0445943093299866,0.04008025378495582
low,Macenko_slidewise,retccl,SMAD4,0.025550923347473126,0.015366320192197152,0.003982291221618654,0.008035843537635144,0.027511713504791264,0.02395307983465587
low,Macenko_slidewise,retccl,TP53,0.011975319385528562,0.01921803281507445,0.11677330255508421,0.03066928968014635,0.01444444179534912,0.017132453523508583
low,Macenko_slidewise,retccl,lymph,0.02274686050415038,0.039413799401764336,0.15252255153656005,0.09582740158533622,0.03177623701095581,0.041957310485504794
low,Macenko_slidewise,retccl,subtype,0.051337647438049326,0.029939606607485795,0.0037686944007873546,0.007599679085515421,0.048633527755737316,0.04053960610560111
low,Macenko_slidewise,swav,BRAF,0.0707047963142395,0.035497215490190984,2.6597976684570313e-05,0.0001303029421352822,0.1901861572265625,0.09660033402072966
low,Macenko_slidewise,swav,CDH1,0.008166773319244385,0.011713314913944733,0.04220447063446047,0.013510173773617417,0.0071958971023559585,0.01041193707931551
low,Macenko_slidewise,swav,KRAS,0.012235735893249514,0.023678016425793272,0.08254354500770571,0.03356109196207,0.035208724975585935,0.03462366378016456
low,Macenko_slidewise,swav,MSI,0.024615222454071033,0.0339754518274574,0.05311320447921756,0.03452521362675699,0.03516050004959105,0.03748961290143773
low,Macenko_slidewise,swav,PIK3CA,0.011942851543426516,0.023689648382649475,0.11665713787078853,0.041290633567586506,0.0475142776966095,0.053309828050442334
low,Macenko_slidewise,swav,SMAD4,0.03111954164505007,0.04104839185756531,0.03877294492721558,0.041450916488038135,0.07887412738800048,0.08489011817617027
low,Macenko_slidewise,swav,TP53,0.0037542057037353504,0.008655824818129083,0.07289002656936648,0.02319210050031679,0.02948374271392823,0.0354791752017217
low,Macenko_slidewise,swav,lymph,0.0417987017631531,0.05477182498066403,0.18886468696594222,0.10492305666416203,0.0433830647468567,0.06950991847463066
low,Macenko_slidewise,swav,subtype,0.018444486141204842,0.023140410099617186,0.029652209758758544,0.01707247660939735,0.014086266040802002,0.01794644798410732
low,Macenko_slidewise,swin,BRAF,0.03918883085250857,0.05077978305244568,0.024760620594024663,0.03590610252939506,0.1607313799858093,0.061191373317432435
low,Macenko_slidewise,swin,CDH1,0.08542545557022097,0.041771636251118655,0.04390633821487428,0.03610353789781308,0.004386062622070312,0.010144055594858238
low,Macenko_slidewise,swin,KRAS,0.08566818046569821,0.04196882127115493,0.010893402576446531,0.025526308454775343,0.07072824048995971,0.058288766864710136
low,Macenko_slidewise,swin,MSI,0.03681067657470705,0.04103417877780896,0.028888873577117922,0.031763221950156975,0.06510290336608884,0.0731529459144326
low,Macenko_slidewise,swin,PIK3CA,0.03763316631317137,0.0442912246935604,0.002861700057983398,0.00533878576332194,0.030404577255249032,0.026110521046052985
low,Macenko_slidewise,swin,SMAD4,0.08174571752548221,0.050840449388834356,0.008943710327148436,0.0163922523929771,0.08275775074958802,0.07262207707589659
low,Macenko_slidewise,swin,TP53,0.07437261104583742,0.03781863981386585,0.02647701263427735,0.029156761799419673,0.012139163017272948,0.02126925520768392
low,Macenko_slidewise,swin,lymph,0.05483872175216672,0.07395666473404296,0.16598346710205075,0.10128016787158615,0.04560125350952147,0.059027712734851266
low,Macenko_slidewise,swin,subtype,0.014571493625640874,0.015357910780927745,0.0033110914230346676,0.004596507495437297,0.027234834194183342,0.024734258003879656
low,Macenko_slidewise,vit,BRAF,0.02795479440689087,0.027653569408098884,0.028819145202636724,0.049413544739529025,0.1784867122173309,0.10370129385334506
low,Macenko_slidewise,vit,CDH1,0.04060538101196289,0.02569066332962635,0.00776698875427246,0.00874901787804406,0.023129632949829088,0.025205950878324276
low,Macenko_slidewise,vit,KRAS,0.02525824546813965,0.024816324302976724,0.02462011814117433,0.028880353958355347,0.03749549627304076,0.03697935085916341
low,Macenko_slidewise,vit,MSI,0.0068806471824645965,0.011232971440977504,0.026530879974365224,0.028715395437796873,0.09525515460968012,0.06491152798189319
low,Macenko_slidewise,vit,PIK3CA,0.01533943557739258,0.01817781944542765,0.027910877704620383,0.02917472171726455,0.031025125026702897,0.03274728586906621
low,Macenko_slidewise,vit,SMAD4,0.015537014961242681,0.028748844039082566,0.01939531898498534,0.015375262346665487,0.04735231733322142,0.03072868671180692
low,Macenko_slidewise,vit,TP53,0.0033602690696716325,0.009449132012383564,0.027125701904296876,0.02211993525194321,0.05796185493469241,0.029889404344124914
low,Macenko_slidewise,vit,lymph,0.041254555702209476,0.04938330184934064,0.11688133430480957,0.10526786476193659,0.07895100069046022,0.08071092845310127
low,Macenko_slidewise,vit,subtype,0.04249178171157837,0.017059410385527978,0.0,0.0,0.0762496948242187,0.040238019682691105
low,Macenko_slidewise,vits,BRAF,0.010390946865081787,0.01694410309657117,0.03831648588180543,0.037063955816960564,0.03279787063598632,0.02405669267105398
low,Macenko_slidewise,vits,CDH1,0.02323701524734497,0.028569316127972536,0.022665907382965086,0.02395749836627514,0.047451735973358146,0.03815557085564074
low,Macenko_slidewise,vits,KRAS,0.044894900321960446,0.03769407208590741,0.005855848789215088,0.012964846053307067,0.06974474430084229,0.032160047914930164
low,Macenko_slidewise,vits,MSI,0.04372016048431397,0.05061551527522233,0.02360700225830078,0.048807560459331455,0.0781337485313415,0.07961507581388694
low,Macenko_slidewise,vits,PIK3CA,0.009690290451049804,0.016384500807951542,0.02940457439422608,0.02982728907914213,0.04651886796951294,0.030718669509518376
low,Macenko_slidewise,vits,SMAD4,0.07592663049697879,0.10981430483941612,0.021530668735504143,0.02472143770699247,0.020012633800506587,0.02065953491649665
low,Macenko_slidewise,vits,TP53,0.012852983951568604,0.025177200104947648,0.08908755111694333,0.04366115951549024,0.05572614002227784,0.04763770850526854
low,Macenko_slidewise,vits,lymph,0.0693047857284546,0.07532031827211576,0.17520835161209097,0.11225743861991248,0.04475060462951661,0.07041949425923877
low,Macenko_slidewise,vits,subtype,0.05043351793289186,0.03987040569159177,0.0021743311882019035,0.004514130206840625,0.014641298294067387,0.010894996977901843
low,all,bt,BRAF,0.09194148921966554,0.06424567674615071,0.04167550945281982,0.028952985659505753,0.010691489219665529,0.02107917259183746
low,all,bt,CDH1,0.08756138467788696,0.07156458672037148,0.042330090045928956,0.031012011865482327,0.0026956119537353516,0.005840963551998631
low,all,bt,KRAS,0.12759758830070492,0.05040187384627028,0.005225229263305664,0.00982762204576618,0.02249248027801513,0.021173338608029123
low,all,bt,MSI,0.1576851477622985,0.10102346881789749,0.06709877157211301,0.06789613090464662,0.015761302947998043,0.03343352813954019
low,all,bt,PIK3CA,0.07223996996879581,0.01960578313651941,0.013211421966552735,0.019589619406878547,0.015868555307388305,0.022503396336944405
low,all,bt,SMAD4,0.16086020231246959,0.05196798482379585,0.06535104274749756,0.1309567025703659,0.02524986028671264,0.021512007791016974
low,all,bt,TP53,0.16464535546302791,0.18425231995421723,0.1039551134109497,0.05551082643272512,0.02008866024017333,0.02638973293529127
low,all,bt,lymph,0.32710394859313974,0.10204254743012015,0.2753049015998841,0.11225403466581031,0.0,0.0
low,all,bt,subtype,0.14006000041961672,0.04687983396989835,0.03747253894805909,0.037138036662291526,0.006662588119506837,0.013543753043187433
low,all,ctranspath,BRAF,0.05965955591201781,0.048724246450048005,0.005005327224731445,0.010493316452809511,0.06464624738693237,0.07209528770489591
low,all,ctranspath,CDH1,2.284526824951172e-05,0.00011191850049661835,0.04068528890609742,0.022452553635143094,0.04325525045394896,0.01750130974429215
low,all,ctranspath,KRAS,0.022542034626007075,0.02451754768745447,0.01901349925994873,0.024041467930308726,0.039921878814697255,0.02765915175461314
low,all,ctranspath,MSI,0.07177778291702273,0.03267256777604444,0.0075288038253784155,0.01843807943812737,0.03576957988739013,0.03343569205011969
low,all,ctranspath,PIK3CA,0.016898305892944342,0.01647327432861921,0.0035268621444702157,0.006384287626171435,0.026069744110107422,0.021346261740389717
low,all,ctranspath,SMAD4,0.0029247331619262702,0.0066640011346440105,0.03682734251022336,0.025741013050807685,0.07515751600265506,0.06236043262413374
low,all,ctranspath,TP53,0.002171714305877685,0.005891863482513928,0.08323230266571045,0.017674469890924152,0.04024691104888915,0.02568002229181273
low,all,ctranspath,lymph,0.021838085651397693,0.03272696813698603,0.20840050458908083,0.115698139177499,0.022688679695129395,0.03448715973176982
low,all,ctranspath,subtype,0.022529576301574712,0.019920220268603128,0.006965241909027096,0.007884867112989259,0.042068217277526854,0.033578213166832904
low,all,dino_p16,BRAF,0.03190158605575562,0.044451944623395925,0.022260642051696783,0.026809070640586012,0.10776597261428834,0.043990490039429696
low,all,dino_p16,CDH1,0.011399200916290285,0.015298958106854076,0.02413478231430054,0.024407319425240156,0.029674461841583264,0.026467362132899908
low,all,dino_p16,KRAS,0.022969978809356684,0.025561166205644702,0.020530026912689205,0.021719255581832256,0.035357337951660156,0.03910762741815496
low,all,dino_p16,MSI,0.01462139034271242,0.02151961147095738,0.022748960494995106,0.02301013694924208,0.0234177007675171,0.022927867720809784
low,all,dino_p16,PIK3CA,0.012084553241729733,0.021252091602651485,0.04171315193176269,0.027134519123423805,0.02297029256820679,0.027608932664004732
low,all,dino_p16,SMAD4,0.05235673332214356,0.054766412618103395,0.016430117130279545,0.0191077450950293,0.03306516551971437,0.033437387369473645
low,all,dino_p16,TP53,0.015804717063903812,0.015162452481377015,0.02865544271469116,0.029309859420197027,0.011399552345275883,0.01589915962203282
low,all,dino_p16,lymph,0.04503137540817265,0.05376941238016761,0.13649762344360356,0.10688891783132758,0.030904037475585934,0.044187087755290747
low,all,dino_p16,subtype,0.019985512256622304,0.022255226700839587,0.036553243160247786,0.020146378029576348,0.010092929363250727,0.015027225881353377
low,all,mocov2,BRAF,0.02081914138793945,0.023510610848036947,0.010978736400604252,0.014650773512656964,0.08538030576705932,0.05461495907133357
low,all,mocov2,CDH1,0.021107952594757073,0.011801219316880916,0.003860645294189454,0.008018685206898808,0.025334076881408693,0.01950385808683202
low,all,mocov2,KRAS,0.027430933475494378,0.04414436742989186,0.016582590103149417,0.020241911805546478,0.03336185789108277,0.021434428975582585
low,all,mocov2,MSI,0.09190332412719726,0.03774375920329456,0.015874488353729246,0.029248300978339508,0.050545258522033704,0.05646966826272241
low,all,mocov2,PIK3CA,0.04336341381072998,0.04072715077472516,0.03264912128448487,0.02560720177133731,0.01707772970199585,0.02773591570351888
low,all,mocov2,SMAD4,0.021563575267791745,0.02764419306247199,0.0037267541885375984,0.006058594374734724,0.04009616136550903,0.04159480529166525
low,all,mocov2,TP53,0.0025420856475830067,0.008468354188923858,0.0826206398010254,0.01962155193538525,0.03480921506881714,0.026127610533813156
low,all,mocov2,lymph,0.042045737266540505,0.05143130711928931,0.218067527770996,0.15050318641724933,0.024621582984924315,0.041097776070912674
low,all,mocov2,subtype,0.039256947040557856,0.011730916420380585,0.0036345648765563985,0.005548847604129907,0.019282655715942395,0.01749583262810689
low,all,owkin,BRAF,0.15033241510391232,0.06612385522276232,0.05984040498733518,0.06503324806028542,0.009042561054229738,0.01787366529681336
low,all,owkin,CDH1,0.05530780506134032,0.030606091789905025,0.0028806324005126956,0.008367905145700743,0.05776357603073118,0.03311880758886468
low,all,owkin,KRAS,0.08403304815292356,0.05306022533198699,0.07434833049774167,0.055127968696732414,0.019280791282653812,0.031327704410212404
low,all,owkin,MSI,0.04635185623168943,0.031225496248259186,0.007257205486297608,0.012872007611350933,0.041825121879577626,0.04282280880017588
low,all,owkin,PIK3CA,0.04118285655975343,0.03929483213853625,0.015782861709594725,0.02215549086156033,0.037011413574218735,0.03223481101639023
low,all,owkin,SMAD4,0.03337128496170045,0.03058763717998941,0.02894372081756592,0.040507631852028866,0.06309930419921876,0.05635644035309795
low,all,owkin,TP53,0.04570146083831789,0.04280444013009053,0.11231201171875002,0.03678538218208334,0.011049382686614987,0.02230088560554314
low,all,owkin,lymph,0.03901700162887573,0.05916117080912539,0.14996204757690443,0.1125673326275745,0.028898779392242443,0.03976315094538613
low,all,owkin,subtype,0.043119505882263216,0.03916310661336328,0.00872160577774048,0.013448150888608975,0.031002978324890147,0.027209911640943645
low,all,owkin_teacher,BRAF,0.08344147253036495,0.06555546184352701,0.0674175624847412,0.08276384232089466,0.023268604755401618,0.029015127259556083
low,all,owkin_teacher,CDH1,0.052660172462463385,0.039721402698660334,0.013825254917144775,0.023094841416867965,0.02696058082580568,0.018867108658890554
low,all,owkin_teacher,KRAS,0.05133035850524903,0.037276657946342905,0.031773263931274415,0.03338322907924142,0.012066061019897465,0.01829431701519578
low,all,owkin_teacher,MSI,0.06203704833984371,0.022552588154775694,0.00036008119583129893,0.0017640303915157343,0.08796298265457152,0.05768345737398714
low,all,owkin_teacher,PIK3CA,0.057642309188842764,0.031301517007046975,0.05075656604766847,0.05235465743104161,0.006242279529571528,0.011580305519837174
low,all,owkin_teacher,SMAD4,0.0748513653278351,0.057754568194994416,0.03456040763854978,0.04302588463170358,0.003820361137390135,0.0069924376520851365
low,all,owkin_teacher,TP53,0.03830191230773925,0.05125640069513428,0.11953088378906244,0.06229760042274512,0.018296280860900894,0.026296928918249605
low,all,owkin_teacher,lymph,0.038398059844970696,0.057594567316662855,0.1699557390213012,0.09653947366471853,0.03232441806793214,0.05254950435918061
low,all,owkin_teacher,subtype,0.04415715932846069,0.017133338539288345,0.004654169082641602,0.009048649572484559,0.030801928043365498,0.027196676017849777
low,all,resnet50,BRAF,0.054569151401519786,0.054266610733619575,0.08056649804115296,0.054892565975128225,0.014143612384796141,0.024214162591812076
low,all,resnet50,CDH1,0.0346544885635376,0.029045136367650246,0.001073672771453858,0.0040166635243197996,0.0829126024246216,0.03760536205717924
low,all,resnet50,KRAS,0.1558558344841004,0.021967518928202995,0.0,0.0,0.05041289329528811,0.03026806161375898
low,all,resnet50,MSI,0.06132100820541382,0.042456762885477575,0.043265438079833976,0.03179002865088101,0.0024732589721679684,0.005344140282387742
low,all,resnet50,PIK3CA,0.009376007080078127,0.016689296735422555,0.047947448253631564,0.03041590817998488,0.027147429943084722,0.030365535243652587
low,all,resnet50,SMAD4,0.15800631284713734,0.10009094072200896,0.014932318925857545,0.034395470156824745,0.13283238053321847,0.08075342252165252
low,all,resnet50,TP53,0.028285054683685303,0.02888533196028712,0.04441863727569582,0.025855418406025864,0.003986541748046877,0.007449893795551337
low,all,resnet50,lymph,0.039722404479980475,0.06075538314747602,0.18093863487243655,0.10024433664028407,0.05217303991317748,0.0665727503891698
low,all,resnet50,subtype,0.03140464544296265,0.010214311437285253,0.0007266712188720706,0.0025118081686584183,0.03602593660354614,0.023700548468872564
low,all,retccl,BRAF,0.024781902313232414,0.022655813861903573,0.004835112571716307,0.010187729449216053,0.10722873377799992,0.08085266106618605
low,all,retccl,CDH1,0.02111479377746581,0.031231873027966543,0.04127469396591185,0.03354820330574103,0.046357480049133315,0.03921353159922894
low,all,retccl,KRAS,0.030303298473358158,0.044920959151623946,0.04126427078247071,0.0557685821566703,0.11037087941169738,0.055976002833198125
low,all,retccl,MSI,0.03968929195404053,0.05178915192362383,0.03444240236282348,0.0422047874880758,0.05568726205825806,0.06419715924925813
low,all,retccl,PIK3CA,0.0024662890434265137,0.005581141179945608,0.0186662712097168,0.013521073939619451,0.03512343549728395,0.03284563963496717
low,all,retccl,SMAD4,0.0033902549743652336,0.0036928209152177287,0.00414928436279297,0.005875706565807942,0.07144845962524415,0.07064786129822098
low,all,retccl,TP53,0.011099886894226078,0.0170276638919351,0.09176764488220215,0.014689034696288355,0.008939385414123532,0.011201756203791222
low,all,retccl,lymph,0.03144167518615723,0.04273059457224612,0.17073798036575324,0.11563499469634843,0.03713559961318971,0.05214430460708304
low,all,retccl,subtype,0.06442893743515016,0.026091874888707213,0.0,0.0,0.03742946386337283,0.019199605595046756
low,all,swav,BRAF,0.058462775230407715,0.04182922564720468,0.03825000572204592,0.037587852893351675,0.0182367091178894,0.024548142791496915
low,all,swav,CDH1,0.01652767181396485,0.015598527002597552,0.030805225372314456,0.019020725742572433,0.003677899837493896,0.006295887501022454
low,all,swav,KRAS,0.02287689065933228,0.033564679869397346,0.05639791107177736,0.04354712419347809,0.03815465784072875,0.03999318771561343
low,all,swav,MSI,0.029125511646270755,0.020140891878138473,0.0003703713417053223,0.0012559903278974568,0.05536009073257446,0.042519390386778995
low,all,swav,PIK3CA,0.014037701129913325,0.02154370555333006,0.03946629428863525,0.02946306092467277,0.028009160995483402,0.028866074427512996
low,all,swav,SMAD4,0.019235908985137933,0.025585573870032664,0.04232258796691894,0.047545212758590104,0.07331563234329225,0.06683354413534817
low,all,swav,TP53,0.03179460477828981,0.03528649817003504,0.033618435382843016,0.019881959657681827,0.010133561611175537,0.016248046983824243
low,all,swav,lymph,0.044728934764862095,0.054409655816237745,0.19095845222473143,0.1360786841797962,0.03169083595275878,0.04434392070795103
low,all,swav,subtype,0.014551944732666014,0.008417899636273417,0.0023172807693481448,0.004455778488846729,0.03600294113159179,0.020047616146023
low,all,swin,BRAF,0.06499999475479126,0.05727832575590968,0.08960104894638066,0.04978282421604707,0.006223401546478271,0.014975171789063144
low,all,swin,CDH1,0.04433580255508424,0.029354680563452636,0.02851627683639526,0.03221347425258544,0.03234265661239627,0.041410445679633506
low,all,swin,KRAS,0.1088498644828796,0.05571080970877989,0.01264113712310791,0.02642995884872981,0.060351359128952016,0.06396541449823487
low,all,swin,MSI,0.03276543855667115,0.03255591537134907,0.02556376695632935,0.02026084736001768,0.010491766929626466,0.015094705097706548
low,all,swin,PIK3CA,0.03408912611007692,0.0310081026383166,0.02663200092315673,0.02512264839271576,0.007489146709442137,0.011083046912007628
low,all,swin,SMAD4,0.07230363202095032,0.04525476693381769,0.03201266241073608,0.02827999071100976,0.009558495998382566,0.01891140487032961
low,all,swin,TP53,0.02505275058746338,0.024247002396340797,0.015260375022888186,0.02162735038791382,0.03321774053573607,0.027747072260787337
low,all,swin,lymph,0.05749150133132931,0.07544145485048635,0.18668449735641474,0.11556555148550207,0.03809237098693848,0.07226404213004922
low,all,swin,subtype,0.004481985569000244,0.0064531062110672385,0.005275979042053223,0.007045576116345785,0.0389076256752014,0.010626249593373709
low,all,vit,BRAF,0.004175527095794677,0.010427622056580405,0.0453324508666992,0.020318095275769655,0.10523936271667486,0.062197312553196674
low,all,vit,CDH1,0.02237350940704346,0.03360069822154128,0.021573925018310548,0.01677505131028512,0.024943435192108145,0.02944781526777177
low,all,vit,KRAS,0.010792788028717039,0.014820252829923945,0.03481680965423583,0.044033392535316025,0.11064266180992124,0.054849274401425105
low,all,vit,MSI,0.0019156374931335437,0.004714742249079307,0.04363373899459838,0.035701952281582836,0.024497918128967282,0.031637550642177194
low,all,vit,PIK3CA,0.004430849075317385,0.005808583577714766,0.023602289676666253,0.024049655621646526,0.023802287101745607,0.026511837146120456
low,all,vit,SMAD4,0.01538014554977417,0.019624603240388238,0.022717262744903547,0.020206956874430325,0.031129647731781007,0.03545585808325214
low,all,vit,TP53,0.00263187313079834,0.005397464002996377,0.021010095119476324,0.023090224062863023,0.0484231414794922,0.03150015299573293
low,all,vit,lymph,0.03898696517944337,0.05145193040174385,0.14091956233978267,0.08521704759050341,0.07019674396514895,0.10576547626817834
low,all,vit,subtype,0.00847390604019165,0.010682827403834989,0.018595215797424316,0.01100554463622162,0.011009344577789302,0.014982042417613365
low,all,vits,BRAF,0.004792549610137943,0.011696007961801352,0.04481915473937989,0.0281607540466886,0.0462154531478882,0.032378950160217156
low,all,vits,CDH1,0.027472300529479975,0.018276397475849145,0.008169050216674804,0.013223007143762322,0.017535109519958486,0.015488392465644327
low,all,vits,KRAS,0.04029128074645996,0.0348216507044393,0.008534522056579587,0.013739671299211362,0.05249100446701051,0.04764783218430774
low,all,vits,MSI,0.009012359619140623,0.01489571470039654,0.06677982234954834,0.03408116129118519,0.037973243236541734,0.04093637794301343
low,all,vits,PIK3CA,0.01503199481964111,0.025363680832028893,0.022032000064849847,0.015494134640320859,0.030089141368865965,0.02174306031955133
low,all,vits,SMAD4,0.04306136131286621,0.045426077993143986,0.04672991991043093,0.02236146562312052,0.004857692718505863,0.00893382104403848
low,all,vits,TP53,0.013613924980163571,0.01970722177129544,0.07088103055953979,0.02333944482855094,0.03103816270828246,0.03162336248048447
low,all,vits,lymph,0.045907073020935066,0.06426979061516418,0.09817460060119626,0.10016768204509946,0.05347228527069093,0.05485737245187857
low,all,vits,subtype,0.01839174079895019,0.019563881288678375,0.037593949317932106,0.020856635439955667,0.005362546920776367,0.010276408335298795
low,none,bt,BRAF,0.22479255294799821,0.11609683633367678,0.06814361906051637,0.08866522199906632,0.022132969856262216,0.030343049614295355
low,none,bt,CDH1,0.025066795349121086,0.02398836779184281,0.028836097717285163,0.02008335472605719,0.013816108703613281,0.02066221603132391
low,none,bt,KRAS,0.046589361190795896,0.040616053549192795,0.008319817543029785,0.016245168952680182,0.0357973084449768,0.027063935428754588
low,none,bt,MSI,0.23652261972427358,0.13320999060453195,0.049382703304290766,0.023890025004550727,0.0002057600021362305,0.0010080140294154829
low,none,bt,PIK3CA,0.04215996742248537,0.026476841297029406,0.007588570117950443,0.014333335018317411,0.04478857398033142,0.03109303219945661
low,none,bt,SMAD4,0.22365592122077943,0.026057617247890113,0.0,0.0,0.038709688186645504,0.016132870888024724
low,none,bt,TP53,0.005476984977722168,0.006045556121946095,0.11644781589508058,0.045807256363587394,0.002446684837341309,0.004025971758878613
low,none,bt,lymph,0.27445261859893805,0.16129414097348374,0.1916340806484223,0.12335877412235186,0.00393445873260498,0.014536582361424336
low,none,bt,subtype,0.0942018938064575,0.032673918912954764,0.030227000713348388,0.03139324728843616,0.004948909282684324,0.009874384953293486
low,none,ctranspath,BRAF,0.0355638246536255,0.0283180099445186,0.017478726387023934,0.027001366671300122,0.07000531959533696,0.05371365698195881
low,none,ctranspath,CDH1,0.0034722995758056647,0.007061216611333199,0.06789263010025025,0.020203977472069406,0.015122766494750974,0.015018241827783755
low,none,ctranspath,KRAS,0.031984981536865235,0.033583350283686884,0.04895194435119629,0.04980231440539819,0.0227882947921753,0.024838798059412557
low,none,ctranspath,MSI,0.05453089046478269,0.0277645627759352,0.011012335300445554,0.01644064189431187,0.01214403676986694,0.015081503177456932
low,none,ctranspath,PIK3CA,0.02205144500732423,0.016378257946176072,0.0029371533393859873,0.007523614311791292,0.09010856485366821,0.07089301124345206
low,none,ctranspath,SMAD4,0.006193553924560545,0.01089338499698678,0.04249967288970949,0.024498196043940042,0.03535228919982911,0.04532888657228832
low,none,ctranspath,TP53,0.011604926586151124,0.013639667790502429,0.09131873607635499,0.024159060608609836,0.01772166252136229,0.02217493675015617
low,none,ctranspath,lymph,0.03845685911178587,0.05812771911526502,0.2075042624473572,0.11906133987483451,0.048279633045196516,0.06169495605350738
low,none,ctranspath,subtype,0.011249840736389159,0.014177311323646961,0.015256417274475102,0.010561583397425306,0.02262135791778564,0.022644920570985286
low,none,dino_p16,BRAF,0.03963829898834229,0.033218827478702286,0.0064601006507873536,0.00958132229234442,0.05985108041763304,0.04494234477761831
low,none,dino_p16,CDH1,0.008916039466857909,0.019365887063855176,0.0462661337852478,0.033460836653875524,0.04175441980361939,0.03397157721014134
low,none,dino_p16,KRAS,0.020936926841735842,0.0351399035041359,0.013842352867126463,0.013144502823222565,0.021575078010559093,0.021055295003807383
low,none,dino_p16,MSI,0.005909455776214598,0.009579482104106416,0.01619752740859986,0.017692557718039348,0.03147529458999634,0.022696270997938833
low,none,dino_p16,PIK3CA,0.002608001708984376,0.005997251461133632,0.051693702220916744,0.02831759512496944,0.030550861835479743,0.025561248278376695
low,none,dino_p16,SMAD4,0.02210754871368408,0.021345526645215065,0.01805946350097656,0.02042312194087253,0.027483875751495364,0.03050291858184898
low,none,dino_p16,TP53,0.014068450927734375,0.017373371217197533,0.0707744264602661,0.021729181265736683,0.008063974380493163,0.011222164213481593
low,none,dino_p16,lymph,0.03602089214324953,0.036538395327437224,0.13719975280761723,0.10534844010261907,0.01699251461029053,0.025333687893862943
low,none,dino_p16,subtype,0.044896939277648935,0.03446823504165424,0.04706312704086304,0.033594367752932376,0.00420372772216797,0.008191974455503499
low,none,mocov2,BRAF,0.07872341871261596,0.026427658724493566,0.0,0.0,0.14760637283325198,0.04466481334606279
low,none,mocov2,CDH1,0.05711022377014161,0.03526804098543433,0.02695600748062134,0.03431596835536498,0.027184448242187496,0.033587002893484645
low,none,mocov2,KRAS,0.05613365888595579,0.04721817253694628,0.006096096038818358,0.011932107554547608,0.07636638402938846,0.02462036890769253
low,none,mocov2,MSI,0.11200820970535283,0.05689383940947035,0.0020288066864013682,0.007236329361460129,0.09204935598373414,0.05296957995067493
low,none,mocov2,PIK3CA,0.01981026792526246,0.024337568612362172,0.028038820266723642,0.02495293788032323,0.017838868141174316,0.024191044078292197
low,none,mocov2,SMAD4,0.017090421199798575,0.01951549554885976,0.005135994434356687,0.0084677473212825,0.047893743991851805,0.04150971863195561
low,none,mocov2,TP53,0.008434350490570066,0.015303795940470244,0.12908530950546265,0.020248337439722378,0.022379357814788826,0.023170850208398257
low,none,mocov2,lymph,0.05101871061325073,0.05312671311067925,0.2102761940956116,0.15981685073680318,0.022495015144348145,0.03786943333873648
low,none,mocov2,subtype,0.03867279529571534,0.03681654497461283,0.004575660228729247,0.006419580247019276,0.02965921401977537,0.01910189921585323
low,none,owkin,BRAF,0.037018610477447506,0.05276546395645046,0.036021281719207765,0.059274186038260956,0.08741756820678713,0.06362704790049
low,none,owkin,CDH1,0.038218161106109615,0.028368783106350836,0.022113069534301758,0.026716410543451228,0.029480298995971682,0.03366664925995566
low,none,owkin,KRAS,0.032702710151672365,0.04062941775106573,0.05417417478561402,0.0424332110016716,0.01851351451873779,0.02326595806859538
low,none,owkin,MSI,0.026981497287750237,0.03203020736667221,0.04344239282608032,0.03491575596875944,0.03336007642745972,0.03824898847813206
low,none,owkin,PIK3CA,0.0314411301612854,0.02435063154749447,0.018898250579833985,0.016304286902375485,0.01858400297164916,0.02823617329838002
low,none,owkin,SMAD4,0.09102845501899723,0.07905306141122792,0.032584437847137444,0.045815251014399816,0.042008862018585204,0.03587020458378342
low,none,owkin,TP53,0.031184048652648923,0.02929017238673134,0.13943322420120238,0.03113549244196394,0.004781146049499514,0.010090712916198834
low,none,owkin,lymph,0.04380611419677733,0.053042966213552804,0.1572412872314453,0.11816613987537761,0.03845411777496337,0.050016471989817436
low,none,owkin,subtype,0.0016792864799499514,0.0028376622001630705,0.02063810539245605,0.01800455710459762,0.03937593412399291,0.035688458651213055
low,none,owkin_teacher,BRAF,0.06379257154464725,0.0677720652778048,0.050694164752960194,0.0736639259120424,0.05248937320709228,0.05375515014738392
low,none,owkin_teacher,CDH1,0.05695946216583254,0.03385784339475012,0.010928606986999512,0.017453291136030065,0.022122204303741462,0.02028024877205186
low,none,owkin_teacher,KRAS,0.02006755685806275,0.02592039804193495,0.02348348712921142,0.021870230960256958,0.027875371932983405,0.02537781214442381
low,none,owkin_teacher,MSI,0.01883745765686036,0.029757727120046946,0.008549397945404057,0.008364617004581796,0.027119332313537598,0.025240548540941484
low,none,owkin_teacher,PIK3CA,0.021614843368530267,0.01989160659241404,0.019643431663513185,0.024172749009357973,0.01487197256088257,0.013006324557005896
low,none,owkin_teacher,SMAD4,0.039263746738433844,0.044666043488503594,0.028447840213775617,0.03048127269648853,0.0674104905128479,0.05837119770328956
low,none,owkin_teacher,TP53,0.03410212755203247,0.04198942039033313,0.11465768575668334,0.03703121995067353,0.015443322658538827,0.026555041271992177
low,none,owkin_teacher,lymph,0.017675020694732663,0.02169314872504643,0.18858179092407226,0.12074824203414088,0.031920542716979985,0.04998209669268358
low,none,owkin_teacher,subtype,0.006000641345977785,0.011477375236149877,0.025179484844207754,0.017587291036811628,0.031188169479370125,0.02476343998420496
low,none,resnet50,BRAF,0.053393621206283604,0.059406161868003224,0.044550503253936766,0.045880960259956874,0.03078723049163819,0.03334622386342518
low,none,resnet50,CDH1,0.054967443943023664,0.0359992460145388,0.0008269596099853518,0.0029727789793466152,0.07404225349426272,0.0706275959387208
low,none,resnet50,KRAS,0.1170945839881898,0.04845078919935539,0.00039039421081542964,0.0015348528709764513,0.12047296929359431,0.04741036023402519
low,none,resnet50,MSI,0.04029834032058717,0.040438273819522357,0.0453394865989685,0.03701794395036144,0.03186216115951538,0.04911303511707981
low,none,resnet50,PIK3CA,0.005027420997619631,0.010520785700144942,0.04802745151519776,0.03458932195650326,0.06497030425071716,0.08026152229312945
low,none,resnet50,SMAD4,0.09306006383895872,0.08889525210663547,0.01323721361160279,0.030070979493579515,0.1788285965919496,0.10692134352792361
low,none,resnet50,TP53,0.00445453929901123,0.01151053230834275,0.05683947610855102,0.026100787970943735,0.03453312921524048,0.028041312926961208
low,none,resnet50,lymph,0.04314600610733035,0.0602169289511433,0.15734646701812743,0.0944380679278311,0.05468194866180421,0.06856796116454349
low,none,resnet50,subtype,0.06968175649642942,0.01585614637790523,0.0012330460548400871,0.0037267128100290105,0.053392486572265606,0.030231167065162233
low,none,retccl,BRAF,0.019640950202941897,0.016184641423723414,0.007739356994628906,0.011960809044318472,0.10534575366973874,0.09907617397302992
low,none,retccl,CDH1,0.019965751171112055,0.021590083312712647,0.04338093519210816,0.02209207680054064,0.024877209663391114,0.031165259522651097
low,none,retccl,KRAS,0.03605854988098146,0.028273737640326656,0.0041891860961914065,0.011761022124670338,0.1338438498973846,0.04716924344215866
low,none,retccl,MSI,0.008261306285858151,0.017651049959406716,0.036142010688781756,0.03969842274372151,0.09787038087844849,0.03265194358401313
low,none,retccl,PIK3CA,0.0,0.0,0.03780002593994141,0.016392548309770088,0.07042859196662907,0.05818332964871597
low,none,retccl,SMAD4,0.02411636638641358,0.03192790709177127,0.026772897720336912,0.029097887323319707,0.02740545797348022,0.0305353349297458
low,none,retccl,TP53,0.030443341732025148,0.033845338174294456,0.12755335092544556,0.03397647954441358,0.009371502399444584,0.017531621922994244
low,none,retccl,lymph,0.03748172760009765,0.05360773552164019,0.19413720607757576,0.11314871715177087,0.03428275823593138,0.05398433243386957
low,none,retccl,subtype,0.05162599086761474,0.024122473988538114,0.0,0.0,0.08170827627182009,0.03135881102324986
low,none,swav,BRAF,0.07032180595397951,0.06475618452197407,0.009617026329040526,0.012029555439171767,0.07929783630371093,0.04150509964499372
low,none,swav,CDH1,0.0428052487373352,0.029153354698584606,0.040406626701354954,0.021004347444435103,0.01927583837509155,0.03902453383017477
low,none,swav,KRAS,0.06114113998413088,0.044940666565556925,0.029534549236297603,0.028734738426289014,0.018010503768920903,0.026131972813212855
low,none,swav,MSI,0.04700409126281739,0.03247742616546651,0.007497953891754151,0.013969118700710185,0.024370371818542486,0.020002334259351322
low,none,swav,PIK3CA,0.03140914106369018,0.04250611262645532,0.0385805811882019,0.03362854213856503,0.04409484529495241,0.04544630048944541
low,none,swav,SMAD4,0.04122201466560362,0.06405679693041295,0.036984178066253655,0.041575456136151365,0.07341683769226072,0.0666105823410984
low,none,swav,TP53,0.01979575729370118,0.02090170363004355,0.0739764151573181,0.023761976463446532,0.0062715945243835445,0.012123194974692929
low,none,swav,lymph,0.03700022649765021,0.04440082366407651,0.1758356208801269,0.13745471417396926,0.03394523811340331,0.04832021840460511
low,none,swav,subtype,0.010216899871826163,0.01963314960764563,0.01860793447494506,0.020517031004791474,0.033319374084472664,0.0264143177973575
low,none,swin,BRAF,0.0497260618209839,0.050508322556241304,0.014619700908660887,0.02268287984072571,0.08529786348342898,0.04483333642784363
low,none,swin,CDH1,0.06165621280670166,0.029582463588810604,0.02613365650177003,0.02939488447131194,0.011798977851867678,0.018618594579109603
low,none,swin,KRAS,0.14999998211860652,0.043664779481120304,0.0,0.0,0.10472970008850095,0.032767667878053665
low,none,swin,MSI,0.02665841817855836,0.029946183616461886,0.033088471889495846,0.03582714767492053,0.05515635251998904,0.062080060954966904
low,none,swin,PIK3CA,0.007468564510345453,0.014756460155200862,0.01652572870254517,0.017950950788830345,0.06749714732170102,0.033310831508677106
low,none,swin,SMAD4,0.0638026781082153,0.044255961760093436,0.009849459648132327,0.0165622626205284,0.04432132911682129,0.03604972116384696
low,none,swin,TP53,0.0963243198394775,0.027524463580948632,0.01705947637557984,0.0313369435045326,0.025701458454132072,0.027326707548890786
low,none,swin,lymph,0.06774582195281983,0.06767088198145156,0.13693678903579712,0.12263941779229884,0.050631337642669666,0.06644949961428323
low,none,swin,subtype,0.009517831802368159,0.01342658580376451,0.0269169521331787,0.01553149686297179,0.025230045318603518,0.023125035104758253
low,none,vit,BRAF,0.047098419189453136,0.06023079104442362,0.026486703872680675,0.03279267667184441,0.08267019104957582,0.07168666411848161
low,none,vit,CDH1,0.015182173728942873,0.013719616227090605,0.011412919044494626,0.013399773875920288,0.010898912429809565,0.01221073671622886
low,none,vit,KRAS,0.017530042171478275,0.032938815982343286,0.028641122817993147,0.03187670963304405,0.1283783736228942,0.05377770159022429
low,none,vit,MSI,0.012872429847717278,0.018204910030595687,0.022800453662872314,0.020088467196178444,0.061792191028594956,0.04946132709888795
low,none,vit,PIK3CA,0.00017143011093139659,0.0008398325966612763,0.03402854919433593,0.0151546013239138,0.06762853384017947,0.015059862388241252
low,none,vit,SMAD4,0.008268184661865234,0.010989589605477931,0.018135352134704595,0.019279160503270096,0.06544718265533445,0.05431481608732552
low,none,vit,TP53,0.02662176418304443,0.023809514954917513,0.009814815998077393,0.013346467355984307,0.041661053180694574,0.028984793970759454
low,none,vit,lymph,0.03352230405807494,0.03761858856811082,0.08800007915496827,0.09505991427356014,0.06328564500808719,0.06664319514048354
low,none,vit,subtype,0.027830481052398683,0.03406900002412492,0.016574549198150632,0.014402818900885806,0.026514255523681637,0.023898170727026626
low,none,vits,BRAF,0.040007989406585696,0.048478021442532174,0.04040691137313846,0.05033218302157141,0.09067289113998411,0.054216644780908624
low,none,vits,CDH1,0.038026259422302255,0.028237642213574256,0.015410612106323246,0.022595322421737753,0.030830381393432638,0.02725376710072397
low,none,vits,KRAS,0.0599849820137024,0.04202344680794177,0.0,0.0,0.08168170452117919,0.04817648944957008
low,none,vits,MSI,0.0380246820449829,0.035834502758802934,0.05638886117935181,0.039759879951295964,0.030051428318023685,0.04719273552584895
low,none,vits,PIK3CA,0.012610269546508788,0.024134700383430296,0.02729601955413819,0.023160363765258325,0.07695316171646123,0.06065957239958844
low,none,vits,SMAD4,0.05707781553268428,0.07399392482209324,0.050436463356018084,0.02945232002509262,0.004832389354705811,0.01055135111451785
low,none,vits,TP53,0.01345679807662963,0.027829217175996138,0.07672842788696287,0.0376440477512733,0.08413580703735354,0.06991370585803988
low,none,vits,lymph,0.05797815418243408,0.06372529885649783,0.09392231798171996,0.10045928864384929,0.07438477373123166,0.08700462295805945
low,none,vits,subtype,0.03351944351196289,0.01993972838493898,0.01702441835403443,0.011774801083316645,0.00040018224716186526,0.0012795442468990573
low,simple_rotate,bt,BRAF,0.19522872614860545,0.1029850541313503,0.015175533771514886,0.01728028392140033,0.011186159133911135,0.019186389731800705
low,simple_rotate,bt,CDH1,0.007173054695129392,0.013384661129994192,0.03572812604904174,0.016339725625433725,0.03035976219177246,0.03209958299920888
low,simple_rotate,bt,KRAS,0.09347522211074831,0.08678044758714418,0.0077957863807678164,0.011561676599210174,0.03429731082916259,0.030628186008662458
low,simple_rotate,bt,MSI,0.22315843343734743,0.12501943942116164,0.06544240951538084,0.05005122094808358,0.004074063301086426,0.012283272747903714
low,simple_rotate,bt,PIK3CA,0.053817137718200694,0.027480271728421216,0.020245727539062505,0.017280160659091427,0.0044457163810729975,0.006731846544484088
low,simple_rotate,bt,SMAD4,0.18271978616714485,0.046687007969823495,0.00017710447311401368,0.0005519920427456079,0.012953824996948242,0.0089219889426369
low,simple_rotate,bt,TP53,0.019742981433868413,0.03983884346648833,0.08772840881347659,0.04748330875521763,0.025046018600463866,0.03499000861067904
low,simple_rotate,bt,lymph,0.23987642550468455,0.18773245176468026,0.2289160075187683,0.08794243725673417,0.012905496597290034,0.03388315317468663
low,simple_rotate,bt,subtype,0.0591459674835205,0.023232334747179156,0.027416412353515624,0.0198963165370115,0.002263991355895996,0.006067128903561526
low,simple_rotate,ctranspath,BRAF,0.03832446575164797,0.020833881604887132,0.0005585098266601563,0.0027361281832953273,0.13307180643081665,0.07828878387962714
low,simple_rotate,ctranspath,CDH1,0.01096745109558106,0.019989326406376136,0.05859736776351929,0.024941530639527983,0.020676177501678474,0.021648399513047756
low,simple_rotate,ctranspath,KRAS,0.03233183693885803,0.04471072561554524,0.037174171924591076,0.030175491379706595,0.03529730510711672,0.0367343076164948
low,simple_rotate,ctranspath,MSI,0.022084364891052238,0.02436720719291806,0.014368305206298825,0.019509742466259045,0.0497078275680542,0.050320353102861336
low,simple_rotate,ctranspath,PIK3CA,0.011268577575683596,0.017848961460376876,0.020754287242889406,0.023595341719871547,0.08969714403152466,0.031665726662588246
low,simple_rotate,ctranspath,SMAD4,0.014269465446472169,0.014415580511618563,0.03362428569793701,0.025936283597700362,0.008070844650268562,0.011397402371852317
low,simple_rotate,ctranspath,TP53,0.01140291929244995,0.014693077648801317,0.07919196128845217,0.02221110309507948,0.02647027015686036,0.03804244573924724
low,simple_rotate,ctranspath,lymph,0.03271440792083742,0.0482013878414436,0.20957359600067144,0.11302911745851202,0.028625565052032474,0.04132805018066005
low,simple_rotate,ctranspath,subtype,0.02051438856124878,0.023119498102192413,0.008597739219665529,0.01077351235930778,0.038151093006134035,0.02050717973186089
low,simple_rotate,dino_p16,BRAF,0.01865693044662475,0.02584104154553359,0.011675521850585934,0.017771078112858673,0.06426863384246828,0.03324109589422664
low,simple_rotate,dino_p16,CDH1,0.004500286579132081,0.00807550591187467,0.02448884725570679,0.028881899918703106,0.05504281997680664,0.03585436955725788
low,simple_rotate,dino_p16,KRAS,0.01698197889328003,0.018724928499057367,0.02843092250823974,0.03160054872656748,0.021111090660095217,0.01605878272087768
low,simple_rotate,dino_p16,MSI,0.016286019325256362,0.016704884349104263,0.030843643188476568,0.022789336346942465,0.007181064128875723,0.013156334284120151
low,simple_rotate,dino_p16,PIK3CA,0.005811431407928464,0.01300309433434955,0.053668549060821524,0.02607509736188601,0.02538284301757813,0.02131506348543056
low,simple_rotate,dino_p16,SMAD4,0.02955344152450562,0.028490882379663948,0.02335485649108886,0.026027550180226698,0.05036305618286135,0.05555513654564157
low,simple_rotate,dino_p16,TP53,0.0040998792648315446,0.007420436795085334,0.042708215713500974,0.02155935637113417,0.01507071018218995,0.010557625180178921
low,simple_rotate,dino_p16,lymph,0.036576748847961436,0.05341557263469401,0.13646963930130004,0.09806780308606983,0.024671925067901626,0.03696217409681521
low,simple_rotate,dino_p16,subtype,0.02486922502517701,0.021462461375379382,0.04943952322006226,0.018961335092072158,0.004590771198272706,0.009299975733949426
low,simple_rotate,mocov2,BRAF,0.08037234544754027,0.02683976659436035,0.0005851030349731448,0.0028664077652760496,0.19114363193511966,0.09524044712826381
low,simple_rotate,mocov2,CDH1,0.04445461273193358,0.037861076349491395,0.018526544570922853,0.03636949372606579,0.024123361110687247,0.02428052324873385
low,simple_rotate,mocov2,KRAS,0.05010960698127746,0.050443684865120283,0.006791293621063233,0.014247005488404988,0.0822417497634888,0.050009714418400644
low,simple_rotate,mocov2,MSI,0.1589300346374511,0.05353532117363576,0.01705760478973389,0.022264527434627892,0.02400205850601196,0.0280836632395837
low,simple_rotate,mocov2,PIK3CA,0.0022925705909729,0.004618813523340274,0.022406825542449948,0.01328809264004196,0.03757828187942505,0.02959567919221841
low,simple_rotate,mocov2,SMAD4,0.012220118045806886,0.015283997005484717,0.0014674282073974603,0.0031331719952206565,0.06794435739517206,0.04267758167244106
low,simple_rotate,mocov2,TP53,0.0,0.0,0.12390573024749747,0.014699582427751361,0.06012904644012453,0.05714721901824292
low,simple_rotate,mocov2,lymph,0.03832442665100094,0.05741779235094799,0.19918718242645264,0.14622851479782883,0.0426466336250305,0.05846436661871998
low,simple_rotate,mocov2,subtype,0.015238148689270013,0.018621546310471478,0.004933197021484378,0.006566904214734561,0.04534087848663331,0.023942097620699418
low,simple_rotate,owkin,BRAF,0.05723937082290651,0.06975735851459819,0.047598402976989744,0.07085461551631768,0.05331649112701417,0.0478594849588883
low,simple_rotate,owkin,CDH1,0.011056549549102778,0.013013024495025827,0.010285539627075185,0.015527779415626749,0.038355202674865724,0.025439891731545594
low,simple_rotate,owkin,KRAS,0.03352104187011718,0.031202269077669202,0.06422675013542171,0.04498272628031315,0.007057056427001952,0.015589787897785128
low,simple_rotate,owkin,MSI,0.030061713695526123,0.023961748175250194,0.005318931579589844,0.009034873640832334,0.032890943527221696,0.03537410812188994
low,simple_rotate,owkin,PIK3CA,0.06248112154006961,0.034569448508599575,0.0005668563842773439,0.0019283374339439333,0.0469668550491333,0.0283973052031589
low,simple_rotate,owkin,SMAD4,0.09547122216224672,0.08583036200294424,0.007741940975189209,0.013895836512553276,0.05201772546768185,0.041658977971563205
low,simple_rotate,owkin,TP53,0.021756463050842285,0.030546431949359444,0.14625140905380252,0.05058070937640585,0.04692479848861694,0.047137392024148114
low,simple_rotate,owkin,lymph,0.04045299100875852,0.05122235912990018,0.15719574499130246,0.12203510802558853,0.02746045398712156,0.035395635688892466
low,simple_rotate,owkin,subtype,0.023057160377502446,0.023052181330430445,0.02556508541107178,0.023160314082527497,0.018227336406707765,0.027490762696439342
low,simple_rotate,owkin_teacher,BRAF,0.08251594448089597,0.08255505687524815,0.0649627699851989,0.07849178497496788,0.04767555141448975,0.05784682874532479
low,simple_rotate,owkin_teacher,CDH1,0.03683834695816039,0.028797056866873085,0.008797258377075194,0.013856854512393494,0.024388355255126944,0.026604549085856563
low,simple_rotate,owkin_teacher,KRAS,0.04809608078002931,0.03873359007548763,0.07910208320617673,0.0457531979720375,0.001999994277954101,0.0054291170334389936
low,simple_rotate,owkin_teacher,MSI,0.022666642189025876,0.01789539580568403,0.008623454093933105,0.012683166070940406,0.0221008152961731,0.022922306681203087
low,simple_rotate,owkin_teacher,PIK3CA,0.03130400848388673,0.023696308498349788,0.014132565975189214,0.016278581889421342,0.021732563495635977,0.030693803110664022
low,simple_rotate,owkin_teacher,SMAD4,0.040437706947326665,0.04636624017970369,0.03702213430404661,0.03235049827085266,0.05144339466094973,0.06567229055897111
low,simple_rotate,owkin_teacher,TP53,0.040869822502136235,0.038434076685719194,0.12047139644622802,0.033423307322748536,0.008546569347381594,0.016391214823750066
low,simple_rotate,owkin_teacher,lymph,0.03029050970077517,0.04515672420232356,0.16120398187637333,0.10875492767806456,0.038953043460845965,0.05382378766618021
low,simple_rotate,owkin_teacher,subtype,0.025409495830535898,0.01683184774205861,0.003445374965667726,0.00694827669147341,0.025692200660705565,0.017469631685919956
low,simple_rotate,resnet50,BRAF,0.04398937249183656,0.056457080082341224,0.05908246064186099,0.054130907912172246,0.02976064109802247,0.043682214552348164
low,simple_rotate,resnet50,CDH1,0.07367216777801518,0.03539891167263595,0.00068532657623291,0.0026245989748497215,0.07721300554275512,0.043418502147843145
low,simple_rotate,resnet50,KRAS,0.12525974512100221,0.057668301308118966,0.0009354352951049813,0.003859468140547642,0.07815012931823731,0.040607302336795756
low,simple_rotate,resnet50,MSI,0.041629628658294664,0.049234872730666845,0.03360492420196533,0.03477674051080103,0.05042591524124146,0.0471558302306068
low,simple_rotate,resnet50,PIK3CA,0.01812114667892456,0.021202523026668266,0.039435433864593514,0.027237309815066228,0.043663978099823,0.05656356889490508
low,simple_rotate,resnet50,SMAD4,0.1510183405876159,0.0821390590113269,0.0011132192611694343,0.0054536383234063904,0.18504742503166202,0.06045949008030782
low,simple_rotate,resnet50,TP53,0.005246917724609375,0.00947693696123124,0.045033673763275134,0.03339185240420916,0.05291808080673217,0.04564686479394768
low,simple_rotate,resnet50,lymph,0.038013617515563945,0.0670279254085461,0.1445290131568909,0.10182739031423696,0.06399275493621828,0.06741479040555834
low,simple_rotate,resnet50,subtype,0.06322723150253293,0.017304530697940867,0.00033406734466552725,0.0011813896846590338,0.025288338661193847,0.014612122461677366
low,simple_rotate,retccl,BRAF,0.023835086822509767,0.02035001170620089,0.004420208930969239,0.006942699869310688,0.061534571647644046,0.051682974072018925
low,simple_rotate,retccl,CDH1,0.009105656623840332,0.016132089236504568,0.029094241142272954,0.018016206298190427,0.04354312229156495,0.03684999752438115
low,simple_rotate,retccl,KRAS,0.023316810131073,0.036770837669172496,0.029660663604736306,0.0380931876305458,0.10788887500762936,0.07529493592970321
low,simple_rotate,retccl,MSI,0.004434164047241212,0.012349817524731738,0.05566869544982909,0.04162968812281094,0.12002056407928474,0.05617004354053525
low,simple_rotate,retccl,PIK3CA,0.0021405706405639643,0.006642690312106495,0.03628343439102173,0.022755433446719205,0.06151201224327087,0.04077666952932798
low,simple_rotate,retccl,SMAD4,0.015486397743225104,0.017534951050533095,0.018269457817077634,0.015789641378946114,0.06305122613906858,0.07002981929837196
low,simple_rotate,retccl,TP53,0.01725028276443481,0.025190580066069463,0.12656566619873044,0.02988167598260572,0.013462383747100844,0.01789649794556498
low,simple_rotate,retccl,lymph,0.048234706401824944,0.06605996254370966,0.18375678586959848,0.12274564324909826,0.02832867431640625,0.04107242226914201
low,simple_rotate,retccl,subtype,0.045277841091156006,0.018055595959420048,0.0013957571983337401,0.002984864511226507,0.07549182891845707,0.05064732618128464
low,simple_rotate,swav,BRAF,0.04190426683425903,0.038442453269261025,0.012515958309173592,0.01564025566844056,0.07401861763000488,0.06799263491360451
low,simple_rotate,swav,CDH1,0.029126200199127178,0.03757827319021284,0.033238145828247065,0.03499756590384002,0.019189033031463625,0.02079702065929257
low,simple_rotate,swav,KRAS,0.024884386539459225,0.027362149629111987,0.04248948860168457,0.04017296481541196,0.03794743585586546,0.04084179089238232
low,simple_rotate,swav,MSI,0.025936241149902357,0.02244111339215055,0.014773650169372553,0.018112349287805127,0.03180042028427125,0.04319937352113463
low,simple_rotate,swav,PIK3CA,0.018275426864624012,0.031452707594849305,0.04327541494369506,0.03301870751587505,0.047761141300201405,0.04074720809056352
low,simple_rotate,swav,SMAD4,0.018646413803100587,0.026087877624056278,0.030664164543151854,0.03675047971669296,0.08037952852249143,0.06273660887990415
low,simple_rotate,swav,TP53,0.022845110893249507,0.03143043820179138,0.08255328893661501,0.03374232177388279,0.003512892723083495,0.005995477246571368
low,simple_rotate,swav,lymph,0.03391989517211914,0.05100294944812764,0.16180660772323602,0.12893827274049144,0.037102532863616935,0.043249001753565386
low,simple_rotate,swav,subtype,0.015434810161590587,0.015358666725878961,0.016464170455932625,0.014233562455136866,0.023956462383270268,0.03287088425999221
low,simple_rotate,swin,BRAF,0.006553205490112305,0.01455088497678662,0.04013029003143312,0.02353492342455865,0.13102126979827877,0.08308319547674525
low,simple_rotate,swin,CDH1,0.06045462131500243,0.04605941814691861,0.029043951034545903,0.02998164212276705,0.017393484115600592,0.022590299431262614
low,simple_rotate,swin,KRAS,0.12319066762924193,0.05082567140714869,0.01996246814727782,0.03604968068561278,0.04717716217041015,0.053577770391445866
low,simple_rotate,swin,MSI,0.030761315345764158,0.029855907094891197,0.06105966758728026,0.029816924752845475,0.010802473545074465,0.021002906756027423
low,simple_rotate,swin,PIK3CA,0.01911772060394287,0.017916743256441107,0.01911767292022706,0.018939597447150146,0.006403429985046385,0.010503643418984854
low,simple_rotate,swin,SMAD4,0.08556862306594852,0.053057726276749484,0.03281721305847169,0.04751163544282291,0.01839594078063965,0.02445279323312772
low,simple_rotate,swin,TP53,0.07011110639572138,0.0317942281506186,0.01009427165985107,0.02201195377630108,0.03161505317687987,0.03155044573060755
low,simple_rotate,swin,lymph,0.053111679553985616,0.060901796105629104,0.12935243368148808,0.10981174435394549,0.055634851455688486,0.07207897753943716
low,simple_rotate,swin,subtype,0.010824542999267583,0.015804858142444197,0.023395293712615974,0.01695714051785861,0.02611352777481079,0.026000288558538816
low,simple_rotate,vit,BRAF,0.009249997138977053,0.015451356676190178,0.03564627170562745,0.02848594826212028,0.054196798801422114,0.06022296493674326
low,simple_rotate,vit,CDH1,0.01949056959152221,0.0229367608185602,0.015264421463012691,0.021841795775111916,0.008810990810394288,0.012381790691776992
low,simple_rotate,vit,KRAS,0.05142493653297426,0.061914980074404394,0.03205555486679076,0.04502838552726162,0.0763123254776001,0.0402458933400073
low,simple_rotate,vit,MSI,0.015084345340728758,0.017746114590462797,0.02033127069473267,0.027006638695624082,0.07706994533538818,0.038412595740287964
low,simple_rotate,vit,PIK3CA,0.014340574741363528,0.022418626098204535,0.039054865837097164,0.026482564041366383,0.026426298618316642,0.027415376123682746
low,simple_rotate,vit,SMAD4,0.01955220079421997,0.028083060211536254,0.029292875289916986,0.022213228143260943,0.049912720680236805,0.041157522575531895
low,simple_rotate,vit,TP53,0.019307520866394052,0.024071858692927585,0.02438608694076538,0.02075756569884124,0.01624917078018187,0.02244577070061118
low,simple_rotate,vit,lymph,0.029997903347015385,0.03776967981653998,0.10974951410293574,0.08885399040186327,0.041513806819915774,0.050407828077863925
low,simple_rotate,vit,subtype,0.023326869487762452,0.03670407122399685,0.010928078174591068,0.009805405065907604,0.02808206844329834,0.0269921002816838
low,simple_rotate,vits,BRAF,0.029287220954895023,0.03265853102919308,0.05515159559249878,0.04755880226865205,0.036867024421691895,0.04177957440207392
low,simple_rotate,vits,CDH1,0.01319933891296387,0.013213927621105091,0.0176539158821106,0.020798795258595154,0.02119475364685059,0.01793767145460372
low,simple_rotate,vits,KRAS,0.05087087154388426,0.039818936148440114,0.0011336326599121092,0.0038466254121843403,0.10717717409133909,0.043654608913488775
low,simple_rotate,vits,MSI,0.041104939460754414,0.043799430275295675,0.010600820064544679,0.017447460843567075,0.029633787155151362,0.02134475612945125
low,simple_rotate,vits,PIK3CA,0.01090287733078003,0.020561010774078212,0.04198855924606324,0.019373981835252747,0.05118856000900268,0.049754951015321326
low,simple_rotate,vits,SMAD4,0.05016570997238161,0.07336737418901558,0.06382795286178593,0.033567871083407225,0.01891965579986573,0.0274713087752686
low,simple_rotate,vits,TP53,0.007446691989898683,0.018156904734097725,0.07332770586013793,0.03911234931657304,0.044708166122436534,0.03933483625502285
low,simple_rotate,vits,lymph,0.07623379278182985,0.08698772725651216,0.08208048391342163,0.07279455156012853,0.04721893119812012,0.054284882656901866
low,simple_rotate,vits,subtype,0.009058472633361812,0.01377100814509228,0.018466326713562003,0.014702102126923059,0.014051386833190915,0.01551822125583168
