feature_extractor,,,,bt,bt,ctranspath,ctranspath,dino_p16,dino_p16,mocov2,mocov2,owkin,owkin,owkin_teacher,owkin_teacher,resnet50,resnet50,retccl,retccl,swav,swav,swin,swin,vit,vit,vits,vits
stats,,,,mean,std,mean,std,mean,std,mean,std,mean,std,mean,std,mean,std,mean,std,mean,std,mean,std,mean,std,mean,std
magnification,augmentations,model,target,,,,,,,,,,,,,,,,,,,,,,,,
high,Macenko_patchwise,AttentionMIL,CDH1,0.15232866826627356,0.02786578134989778,0.10092948499296871,0.0492476275252946,0.06266565147018395,0.031428370933582604,0.15044405284488946,0.03758199562930862,0.04439035478209392,0.036119249963816706,0.020746765762319864,0.026783042948785727,0.14176330390554095,0.03969531562974165,0.11966163936230535,0.03519302940383644,0.12959881845091456,0.027510502932867362,0.10361368480303722,0.025520249310041935,0.05221447768781733,0.03015888104896921,0.02657197537992795,0.030021734519780147
high,Macenko_patchwise,AttentionMIL,PIK3CA,0.1467996805623362,0.019268544279838477,0.0545711010409548,0.016219057736123074,0.04259968695175415,0.02183008317294581,0.03628540930281415,0.018856522813157934,0.06128540930282216,0.023010308103711196,0.04177109894288292,0.02614541766379478,0.037085446686832155,0.043423296469033396,0.0519425600482183,0.01918874260100478,0.05074255165589465,0.046350797365073124,0.02494255003463918,0.017005804102329544,0.03231398758420928,0.017927717943708576,0.056399676175235225,0.020607232726995106
high,Macenko_patchwise,AttentionMIL,TP53,0.07121056222532737,0.0938058628619696,0.003702115055084747,0.006241765884918228,0.029431640144352622,0.027158904996209276,0.02746754788971296,0.024239085530681378,0.09071109199144327,0.04422570895207447,0.05535757445902445,0.03356860297502481,0.19054279231637916,0.027267360075142542,0.11930254602049949,0.03298209046356281,0.06411179208372841,0.04045270847473912,0.18027340077971618,0.04418435121266589,0.11627229356390494,0.03052870136521392,0.15577846669773968,0.03735512694766406
high,Macenko_patchwise,AttentionMIL,subtype,0.127224402427667,0.029552019082014547,0.0008067893981932009,0.0030243978084911367,0.060911886692046426,0.01618018250664861,0.05439148426054997,0.021995616906544172,0.06855415582657867,0.032047169671103916,0.038661079406757226,0.02523094364840804,0.1539474773406382,0.01823716080700384,0.0593540120124849,0.02770695138449996,0.08483622550967775,0.016444521273585345,0.10887569665907064,0.024299389006452867,0.1391820120810989,0.02628279408094149,0.17615089893338723,0.02727914790564638
high,none,AttentionMIL,CDH1,0.15684206805310313,0.02085642638483512,0.11612248740228137,0.05084669696910435,0.11869243702922622,0.036359973941803195,0.15410079083459172,0.027959537632249714,0.0454771431449735,0.03447014602765138,0.027544525480661698,0.03777261455724423,0.1462195905210928,0.05169860231037006,0.10601396880188578,0.02517312806144404,0.13525439820317042,0.018484692240151344,0.047875765180959824,0.042417676544425374,0.05278725943603573,0.02395097327113646,0.03508305869140793,0.024426956589674698
high,none,AttentionMIL,PIK3CA,0.18421038704384898,0.022783111957834955,0.060581836275929994,0.03067948466935179,0.054553255610353506,0.03827466794030466,0.04221039729583413,0.02672077968113036,0.07055325227251824,0.04602618015412906,0.09281040149197196,0.0454057311222467,0.016753241591338605,0.026829380701347112,0.16149610000115652,0.04905757242166797,0.09135323482029022,0.04736126403525441,0.07738183455928618,0.02457123548991081,0.0674389691876352,0.04597096496669225,0.0817246885822716,0.03609177046140677
high,none,AttentionMIL,TP53,0.13732867853542613,0.11987116967356104,0.015274781154633706,0.01975691025445154,0.0282096924056986,0.02204239142412179,0.055117660926778445,0.019789275251614027,0.056492501663241476,0.040015671552237,0.03842291252516341,0.03543216575538187,0.15329387800599295,0.043681630703509056,0.12531968967816345,0.03244604421641151,0.06751945631411291,0.03699771195553211,0.1894330324402178,0.051580459343373464,0.12057781832118021,0.036217507559773994,0.17753629104992957,0.0683237332331497
high,none,AttentionMIL,subtype,0.16548968553539856,0.036847889969387065,0.0,0.0,0.05327197313308705,0.017843378897980395,0.05033638477325405,0.0141467666037244,0.039917683601379365,0.011315035794776272,0.03064385652541883,0.012830542949338278,0.16923586130144555,0.033491368051394264,0.08302007913614255,0.013469347481160007,0.10331641435628801,0.0095257655323432,0.12175238132475019,0.010809098942577911,0.12496173381797418,0.015821511773185575,0.13017306327815498,0.017511523965889307
low,Macenko_patchwise,AttentionMIL,BRAF,0.2799775721923511,0.09597512864588116,0.05976479672348075,0.03559815690745644,0.023195678223720716,0.03845901788491914,0.09872756623186386,0.0532854240136532,0.09487119339855332,0.0442257262831528,0.06794300698191559,0.03525355479914291,0.16973821543610562,0.06968572919900282,0.14207863234419332,0.03489785268323709,0.07312917136110948,0.0525495145938713,0.10883397482789016,0.07382384622747842,0.12725151204033922,0.0633481943896156,0.17632066034223756,0.07391099912213885
low,Macenko_patchwise,AttentionMIL,CDH1,0.04038122579573682,0.014882863199736508,0.021077951641080395,0.029036015623137415,0.009998592586510622,0.011960856535090518,0.055001446456900735,0.015588633388043763,0.04460740968712763,0.013954707459992636,0.0494046656799281,0.012909602962587547,0.18355655357353515,0.03611866895580433,0.034898647518161546,0.020714361476928234,0.026332136840829076,0.027243409591837055,0.19640637323342958,0.042598907298788,0.11530985519411117,0.031582390337566,0.09760567829131654,0.025305522492879307
low,Macenko_patchwise,AttentionMIL,KRAS,0.09315030542733782,0.060564340910960725,0.08138228622796305,0.03518841990605729,0.08513605562566504,0.04366049728182809,0.05893485514047221,0.033738028912502244,0.07027121750236494,0.052015225242779954,0.02973065344216513,0.036302560836011716,0.14185526338940846,0.03600034346163246,0.032320749439023445,0.037763132523288404,0.1382141467701923,0.0787901733893024,0.12556397882818382,0.04077499476376637,0.11122465101599985,0.04307279110826602,0.07515107361199622,0.05811003857822251
low,Macenko_patchwise,AttentionMIL,MSI,0.33724643682477595,0.07329330878033338,0.0761353323364195,0.056971360715548904,0.014869875659939809,0.020176702782913718,0.14645424579622898,0.04742702198426704,0.03302829956055544,0.03133773283304084,0.06188634132385782,0.0531116787915903,0.18518880104073457,0.027564204041232415,0.07459210847859322,0.03343068127456647,0.12788429950723523,0.0389752332807284,0.1418760368728746,0.025277020806478506,0.14712297414774395,0.037704518018377334,0.15998305772780314,0.040490218903165884
low,Macenko_patchwise,AttentionMIL,PIK3CA,0.1338900024629476,0.022771940468628266,0.0394328529573018,0.01215699768813934,0.019575732443387114,0.016552482856296652,0.0570900017953667,0.024822038434499764,0.055089979860859645,0.017734893241498496,0.059518593046724515,0.019488667986303547,0.01614714214569428,0.00981701828056566,0.026232856009060283,0.018263720216998826,0.05417572805649905,0.02570745786298563,0.04786143848662333,0.028531667499833314,0.0443757230973603,0.040624113429502444,0.014632874224246025,0.017274830319509875
low,Macenko_patchwise,AttentionMIL,SMAD4,0.1531699851544082,0.08572739038330762,0.0677809730559586,0.02500245533191143,0.05272722397155128,0.03453853426241928,0.08296125088043935,0.03923094333977587,0.06449191723182776,0.05633053295340875,0.08852732334446503,0.06346838155788498,0.1503869071991125,0.064971195858659,0.07663611326528522,0.03210072896062984,0.11319526586843792,0.04656214377409417,0.20402385149325597,0.027397081369175146,0.02160766277617704,0.02504183989086684,0.07271456871336655,0.030593014655439194
low,Macenko_patchwise,AttentionMIL,TP53,0.023405266959384517,0.023634516349462165,0.028287423808286524,0.023795916186720903,0.04310224171371001,0.02628625760535561,0.028315485675057834,0.01487802591448095,0.08903377171252205,0.03571127393416324,0.04509438391420316,0.016397236161046953,0.1682144891807913,0.05446785924375745,0.03258036490172581,0.038634067902554796,0.03648047562329828,0.017388217229566703,0.2374625098296874,0.02843068844599609,0.12242322083204955,0.016861069979901624,0.10353994484633286,0.03677586441885824
low,Macenko_patchwise,AttentionMIL,lymph,0.25375622959745625,0.12942387641629932,0.03869606109270562,0.0503350787579566,0.06668963285099062,0.05876878033772416,0.08783881517065088,0.0639584126823704,0.09301591964372352,0.0922894313480451,0.07364587636597508,0.058931639891735596,0.16898058505653832,0.06909233770711823,0.09929621072421199,0.0880056432759591,0.08333169074667982,0.069908412913776,0.16640720220207686,0.0699550715449922,0.16124273391376973,0.11629689943855419,0.1939882978977055,0.06662810026471294
low,Macenko_patchwise,AttentionMIL,subtype,0.11309125185010076,0.04053054327391148,0.001349625587463029,0.003716554250240262,0.04430104255677032,0.03204392085140193,0.09909081220625261,0.036676402123753664,0.10980601072311853,0.03045335745871447,0.13904676198966442,0.034118647482892187,0.17176015138624004,0.035164316732446896,0.08524267435074673,0.03904103385351177,0.05431663751602494,0.0284193604429361,0.07968046426775242,0.03022842642859839,0.10532052278518947,0.039103356687723904,0.09736666440963934,0.03164425332869074
low,Macenko_patchwise,MeanAveragePooling,BRAF,0.18221752758025517,0.025222967203765555,0.0709808361053295,0.038629412702492996,0.0010340463638307212,0.003089279398418741,0.061073936176298124,0.037052415762426495,0.09012979383467369,0.033174739358646475,0.10774946327207428,0.059504188970888244,0.21320159549707896,0.04446956161434076,0.13673882598870718,0.048551024504020546,0.043121792030345975,0.032228434524094456,0.14704468364714746,0.03969326709231466,0.15947816486351712,0.05594458072613049,0.21712444539067,0.05742499733078933
low,Macenko_patchwise,MeanAveragePooling,CDH1,0.029073552882084266,0.01180477333318108,0.013082711493374897,0.011483422892293208,0.024390523230436858,0.015615819132141518,0.016280870234378592,0.011126489440316708,0.016966192519076086,0.013159553087161224,0.010855393206477812,0.01014707350562459,0.11759441355408065,0.044968940090076716,0.024733190333247914,0.011311605273891023,0.027131812369221724,0.01412281682835517,0.13198616961148213,0.02221701753053446,0.09566408852281902,0.011446092487314177,0.06162637928669182,0.03764623045928701
low,Macenko_patchwise,MeanAveragePooling,KRAS,0.022838353579077608,0.02896540538774543,0.09239543027165414,0.050712055836261906,0.0723128313470212,0.03501397781791325,0.06285339540724505,0.020153512124259167,0.051441955034773855,0.027629016470112063,0.02599152273420598,0.018482211562816844,0.026029049818545844,0.02590329620415558,0.05106660074476227,0.04530607068722991,0.15572124666456055,0.015556958738459208,0.04250805324797525,0.03328969700708582,0.10192998594531347,0.05479471659018633,0.01649452394726008,0.014005060906852223
low,Macenko_patchwise,MeanAveragePooling,MSI,0.12347918062227142,0.03575494362438403,0.0431808045387214,0.028673978087360136,0.056400995540630695,0.03852851430397725,0.09564997463225001,0.025596129596122605,0.031503861236590075,0.034805552294951886,0.021524458217619745,0.031479718858812684,0.1619565299033461,0.04742608719016529,0.0566067626952987,0.025008488559306558,0.13273841648103102,0.030090222006193205,0.12738863735185715,0.03174477586213282,0.1848474791528628,0.03552611107783668,0.18011497764590415,0.028771421376758668
low,Macenko_patchwise,MeanAveragePooling,PIK3CA,0.05477304832365904,0.013819373800162675,0.01043022052673439,0.012035935547652848,0.0387159265699833,0.018054905238588066,0.03831591979890148,0.011558437176606075,0.08263022081282997,0.03697075645662756,0.048915914458316806,0.03411552069625038,0.030430189532306962,0.01303627911889207,0.03151592389968538,0.013322078633942322,0.11831592695148688,0.011696056502159586,0.01351590530303083,0.008790697683937504,0.03268735782530664,0.014622946286225867,0.01771592275527845,0.017562784364264686
low,Macenko_patchwise,MeanAveragePooling,SMAD4,0.010407220548243503,0.013920359103849117,0.05303846520768015,0.01960290960137362,0.03842744750364938,0.026242065538952485,0.034442638581869606,0.014893019083521503,0.07220354003297741,0.06343061909969404,0.04658685845717649,0.029330575828709037,0.11375952286106929,0.09732566794164736,0.038237666314692643,0.014073555952473246,0.09225414914476564,0.024890070603922933,0.04797836465224317,0.015536041589184596,0.02950901908263952,0.026304756323850525,0.08029969853735652,0.04128061718866194
low,Macenko_patchwise,MeanAveragePooling,TP53,0.031057123671720647,0.027210595381845833,0.018430857192214392,0.024837855963716952,0.04491794539565584,0.0442812889678559,0.0595363540756135,0.02409474270709699,0.11489555073854135,0.031611433956231415,0.14141066504584196,0.04904524359353064,0.07477206421967562,0.025051394454538838,0.045956127177379055,0.029074441832864173,0.036079577933532454,0.024610388123262612,0.1130436701881603,0.03913212638667938,0.06613010598305007,0.028246574970400156,0.0875386161910562,0.05272029672248161
low,Macenko_patchwise,MeanAveragePooling,lymph,0.18976950450541485,0.11322428413437358,0.18816238446826625,0.10121611702890805,0.12285207315085243,0.12378722144737624,0.15386370225545112,0.11836724375385167,0.172514639335854,0.1454388708898681,0.14831236405962492,0.13248623751474906,0.23053207202553308,0.10533602792080889,0.14885015292758705,0.09670391414700154,0.13090458913442757,0.11405739295238997,0.20810406013126562,0.10759256798121104,0.1758167962612147,0.10070379754836908,0.1833373884738339,0.12238948501360013
low,Macenko_patchwise,MeanAveragePooling,subtype,0.05600019693374428,0.034603718355950094,0.0,0.0,0.04511345624923795,0.00902798375387395,0.037503719329842124,0.004055665785540163,0.10992932319689774,0.006369273555948791,0.09309986829760473,0.016604532278174336,0.07547754049297711,0.003895000988888711,0.012317001819610802,0.0036279061255838872,0.06172461509702046,0.003119794424279594,0.06469416618346054,0.008129511908200444,0.029863333702089233,0.003667410716571158,0.06031028032302193,0.005036033104978326
low,Macenko_patchwise,Transformer,BRAF,0.1558474389761988,0.027527430347385078,0.08184477965541688,0.06645161007969931,0.0958740321846008,0.07698082416475492,0.17692458312248036,0.03938619240016252,0.08742987792207431,0.03564743167605131,0.03915862719727025,0.03284618788983238,0.1670841662140946,0.0459087979018237,0.15332083384690715,0.07296703042546948,0.08104688803871798,0.10769184283263981,0.2252623287887629,0.06465851506931451,0.2198766795843302,0.03498152724004373,0.20179158131793604,0.03437470582144442
low,Macenko_patchwise,Transformer,CDH1,0.04073889509811108,0.026098130903943265,0.05204671875608411,0.03644475111618107,0.04844875589980558,0.03718102046776054,0.08288623348837525,0.03720961585812441,0.0851706530249883,0.03119415068905282,0.06758071438445873,0.024947153245239845,0.1771752144493026,0.0999724763683264,0.057643523374901924,0.04159931621945084,0.013097551027677425,0.014522861943589033,0.18739795939098342,0.05092569293959384,0.12754644409795698,0.02677883604618508,0.11018492237695614,0.05772756774665703
low,Macenko_patchwise,Transformer,KRAS,0.0967227199340154,0.061514662882017186,0.08493594911341151,0.0456900950855812,0.1047557571196719,0.04001294525884099,0.0934569218420901,0.05190348376423028,0.05839690950154762,0.05865061811067043,0.04833683755637091,0.04917081202424852,0.14139238980062474,0.04748932213643674,0.10250350024940351,0.053749511607839286,0.16256355431337066,0.04516851449877785,0.156895396974371,0.03616317847742938,0.13857706573250356,0.06673886316522011,0.05137736585379191,0.05634686585674634
low,Macenko_patchwise,Transformer,MSI,0.053149108108670025,0.02719163173500486,0.04111206930559165,0.041348026109424056,0.027274600681465297,0.03264198937797936,0.1207416812745923,0.06569016498384019,0.04749066036624865,0.019724754511922238,0.037871293243547585,0.04396776453290305,0.21662648123186357,0.05799465893001038,0.08283018272782089,0.04479889921931067,0.08020673197191798,0.04001445253918125,0.19172935884861908,0.03911080477109331,0.215546242412586,0.07091316994384796,0.166420725998104,0.02254034547619752
low,Macenko_patchwise,Transformer,PIK3CA,0.07796015477327145,0.038611109641439365,0.062445864440482016,0.04036636607771001,0.034531578780660904,0.03392172431533503,0.02464587426330309,0.023351227970765498,0.07313159442094094,0.03298150299613004,0.07898871636533024,0.045414692249967234,0.04738875365402039,0.0564105810524583,0.06624586320067775,0.021544574965244527,0.08713156914853622,0.04374465616255811,0.09318872428083995,0.03490796568391327,0.08421731925149556,0.026065074940759176,0.07067444062379208,0.047795609853012344
low,Macenko_patchwise,Transformer,SMAD4,0.08217283405006534,0.06242185103884905,0.09545556224526354,0.05461282487779538,0.07597421325386827,0.06175065098693028,0.10165417112051428,0.060041179934953226,0.05086349166571505,0.03892654640430238,0.03707477964103545,0.05208724508516328,0.31322911895458083,0.10880508763223536,0.08166683829956602,0.04714789230486402,0.13138216651616202,0.02162762355202727,0.1067775002830594,0.06205566222094936,0.1064612141960928,0.03608137440993683,0.06547455705347266,0.06068008403759835
low,Macenko_patchwise,Transformer,TP53,0.04626485060425115,0.032524424497838954,0.01958136509629324,0.02104157394075356,0.02491245220871752,0.01942402563801283,0.09174747418138085,0.03409343746357301,0.07011443327643789,0.03473967802429473,0.0663827175971882,0.03196345570615694,0.23122557352779718,0.04053197082905688,0.0451986546394378,0.040016968306819986,0.03375080774992421,0.02299225321976682,0.20243767451036498,0.04636139993711248,0.17805498789510232,0.030716665755860323,0.18046801041329288,0.0251277614347166
low,Macenko_patchwise,Transformer,lymph,0.05091321994035851,0.05940116572287339,0.061625915062156346,0.07116935217985944,0.04344013262959309,0.05051161171503383,0.08333498765200922,0.05569638621345239,0.07195895243852772,0.06071620575181621,0.08558910418717822,0.0880640737020145,0.13978747655129112,0.08006436458059042,0.08280994225714058,0.063081150399252,0.0702167325136369,0.05811453124897492,0.19041427899580365,0.08356094890642796,0.16245450307101764,0.09487440491289069,0.1656713419076573,0.08695762917606212
low,Macenko_patchwise,Transformer,subtype,0.034380640525663586,0.02908805219146458,0.010982110042422532,0.0159657923352707,0.035883488197166614,0.02751181508924739,0.0751210947225434,0.036789016757818066,0.07698173715537364,0.02743323247953542,0.07609303190216066,0.032502432569346686,0.1588403482625727,0.050225898097102435,0.0557043214033454,0.031363675237695114,0.06413032009112683,0.03229650360249491,0.10777826501828439,0.041653321986718596,0.1126944561193205,0.03395771991454469,0.10766818716032547,0.029175024918266762
low,Macenko_slidewise,AttentionMIL,BRAF,0.3488540107527553,0.07150877352265143,0.08063591068263647,0.059492571332014826,0.01693910902023378,0.02317992562952421,0.13422631567004334,0.04721187666529721,0.12378751581191484,0.04201174269182011,0.04612792079924234,0.05254138611694729,0.15749762599947423,0.04347583530561208,0.14074227159501201,0.045874891257347124,0.059691768341072815,0.048512822239965434,0.11786997859952562,0.06380849880490795,0.10251091068272658,0.045967773558805616,0.15570239370356814,0.046898458565536434
low,Macenko_slidewise,AttentionMIL,CDH1,0.04069130278395741,0.030841373659587248,0.03652225590516157,0.039644803453062254,0.03395228243635958,0.023466927051868054,0.0658197865562253,0.017277037045446378,0.08466615534595652,0.03856959180876311,0.08969185210035496,0.020250150545786775,0.1961453185156893,0.042554684682423904,0.019903169639592048,0.022133799258519347,0.019560514457665653,0.017070231276129156,0.2253286228254686,0.0288260706492886,0.1564537153322214,0.029467040735916477,0.12727039910129795,0.039402206773958184
low,Macenko_slidewise,AttentionMIL,KRAS,0.06303826189038543,0.06139191994164084,0.08441593265532163,0.039867583885960456,0.05123275136948052,0.04212590473890498,0.05862764930725072,0.029183119231353083,0.13201350784308613,0.043295454463020314,0.09222372388829092,0.039609129726517985,0.16973875379572853,0.047305802144536765,0.009828837871552778,0.01964390419908301,0.12056456422800962,0.03683274802019482,0.1467657766340713,0.022789542725899493,0.10051952219014619,0.037167177499652364,0.08546697711942847,0.04496504606993834
low,Macenko_slidewise,AttentionMIL,MSI,0.17200739857671984,0.15180781664045764,0.08445594188689774,0.017239276969375956,0.009867488117216666,0.021252246670643182,0.20683250305180856,0.07028579190219227,0.06763495084762332,0.029176996972793013,0.029054723949421876,0.024964172375052218,0.2277686941337608,0.03500759907667935,0.06892096874234423,0.028936068639978545,0.13512465831764753,0.04011069383772328,0.19937362548827633,0.0434644560809595,0.1525629269791147,0.035267547146516184,0.20271726724618377,0.05415470194183642
low,Macenko_slidewise,AttentionMIL,PIK3CA,0.11990092959806326,0.02508607417683408,0.03047234979093936,0.01991563396193931,0.02064375844420498,0.019024173641806957,0.06575807300035656,0.028499411350830946,0.10087237325131763,0.034292235843175374,0.07601523366402795,0.027406034314200668,0.03044378724518241,0.023957268207089974,0.0508723613304308,0.029002410687869837,0.05272951093140517,0.0411842225883624,0.07327238288348113,0.0479341053110415,0.035558080343632975,0.02723111575116397,0.038443791536707655,0.03144667973646469
low,Macenko_slidewise,AttentionMIL,SMAD4,0.2291094886854639,0.0665025452055301,0.08122840996562135,0.029208526705842022,0.09349911089709001,0.06484804985918481,0.10671863432693261,0.022039419085846158,0.06554213639074549,0.04604347488073494,0.1003934847908706,0.03926662695914686,0.11203172083667279,0.06756294088799716,0.07926763172917085,0.021606247963047335,0.13366359349067933,0.06408007981976944,0.16237957354362376,0.0518463282099604,0.011209438999202586,0.02416815207313021,0.09691469546133738,0.11215598199595476
low,Macenko_slidewise,AttentionMIL,TP53,0.06554426477481251,0.08243445921032592,0.03897301481293979,0.029068141364276618,0.03914135025072765,0.029827934044524457,0.027300720673020355,0.020653046408343343,0.08167783544583979,0.03542686942994826,0.08490453289084207,0.03539129816243871,0.15687423275038878,0.03432390780045062,0.03187423275041401,0.02780425475147022,0.024102049332120675,0.019770198097456754,0.2663860015680751,0.03262404731111272,0.12477547452969097,0.021707414216014673,0.11332766340304203,0.03785923964157674
low,Macenko_slidewise,AttentionMIL,lymph,0.27090835465979374,0.16782212828851906,0.06746339692661053,0.08522131151021198,0.06556776656693773,0.07163596977726899,0.09209468259400422,0.06682049551821002,0.09357036246841974,0.074984588102648,0.05503773583956244,0.05999493877226738,0.16695700778559464,0.07422510997887823,0.09160076274458755,0.0600146471999042,0.07580435170715247,0.056316249695390834,0.18148925199111257,0.08167717168623206,0.16049537553357035,0.0739026908255951,0.17516275538976003,0.09154618114702903
low,Macenko_slidewise,AttentionMIL,subtype,0.12895206642152976,0.05589368159661403,0.002948836803436593,0.004490496387900704,0.04275119733810402,0.037446455314600724,0.07418333721160383,0.05487354404862261,0.08934424352644003,0.038234173766190135,0.0979196949005176,0.033097972244821645,0.1362550301552295,0.04312067383163779,0.0677256031036681,0.04315408534198362,0.07003262472147363,0.04093073748929449,0.07873362731930299,0.03584344874611106,0.08622898292533891,0.03587698242773417,0.12519982290269346,0.051355915515455125
low,Macenko_slidewise,MeanAveragePooling,BRAF,0.20223841018678823,0.07822910140175843,0.056759684753397564,0.03338627705734728,0.029964476299299818,0.03831302943234506,0.05449903554915328,0.03383590281016396,0.1093527729034553,0.054394189118603394,0.08495116777425579,0.060539229823331174,0.1469192678450774,0.028818265260751492,0.13175968475358749,0.033222523967763394,0.013408618640893093,0.020031864691129195,0.12783681697823118,0.06197586731530137,0.127770310115845,0.06874713594834152,0.20802298135762265,0.04421851104021113
low,Macenko_slidewise,MeanAveragePooling,CDH1,0.015326549816130852,0.003495936867120256,0.026977040576930733,0.004160500356665626,0.022979309368132517,0.02228002738922358,0.0016201160430913465,0.0032574435476708185,0.032745160865779555,0.019864053770965603,0.030289437580110046,0.011953812077588916,0.11903872709274528,0.0432711276337541,0.011214616107939933,0.008077901940359893,0.016811420726770027,0.009788442835661654,0.14702271442407117,0.022227177534281536,0.08682853202814518,0.007117309670689937,0.0899125001907233,0.016229264879694713
low,Macenko_slidewise,MeanAveragePooling,KRAS,0.06016034548117773,0.04606156659725722,0.07055826847393076,0.0493534647827017,0.047622830317752406,0.02690312894113,0.060760945723807185,0.02428224809960725,0.020333046363158695,0.019351226578150686,0.059447152064626065,0.04374232197802536,0.0683810896142339,0.038737844147709345,0.02344866459206425,0.018886999205914603,0.16879400079104329,0.02027879826021239,0.049912626193361134,0.04794133266103648,0.0778030223114146,0.03389023971854724,0.024349553035065745,0.022537032543995077
low,Macenko_slidewise,MeanAveragePooling,MSI,0.16275870708462514,0.04153936690010182,0.03107144741058551,0.01720240788109233,0.026853333988187206,0.017202030421544993,0.10802618173598673,0.019904668679950343,0.013015889205932317,0.019864320797937516,0.01687390712737961,0.015592991425568513,0.18868460563660272,0.038613361482566826,0.054373907127379294,0.017722969932006005,0.16085542348869894,0.016620227818497514,0.1886846056366561,0.029715685940035534,0.16944594291679557,0.02237140208886165,0.17983689216613846,0.05960458418198933
low,Macenko_slidewise,MeanAveragePooling,PIK3CA,0.07358033380507546,0.01178795828485936,0.001123199081420173,0.0034261899946215636,0.04529459199906451,0.015191325584079606,0.05358032903670598,0.01250309325633906,0.06263748130796375,0.023283247919618853,0.0830088706969905,0.030144963447713773,0.03123746833800284,0.014215473137787043,0.05180891475676284,0.011695079356111122,0.14958033285099578,0.020336371349448937,0.03063745222090481,0.013805184311102156,0.04026605806349258,0.013014938802362746,0.0502946110725203,0.030364348605476
low,Macenko_slidewise,MeanAveragePooling,SMAD4,0.02341261875152211,0.015978853332152765,0.0860312319946316,0.020822432674494146,0.058959744091004955,0.023393404307656063,0.05276113521575969,0.010170405586393967,0.0769863225173951,0.027519586602668754,0.05124313604355148,0.0556443958340394,0.06256505023958227,0.05644818870226428,0.050104591960907316,0.010613898714366079,0.13372258913028834,0.03554602744380238,0.08198315870291197,0.026268078061935592,0.007473335380554182,0.01063298227594825,0.03492432605741884,0.028049383453267976
low,Macenko_slidewise,MeanAveragePooling,TP53,0.040299060668964354,0.029450901217467476,0.034210386600486566,0.028435106568757057,0.047033050384583344,0.03974998306206393,0.07135968479160862,0.027667756516369914,0.10974350246426831,0.04031473364585873,0.11384003433225344,0.04052236771858538,0.1465280202293414,0.03170188874751282,0.06802072795866963,0.03706044631897363,0.02458638223647176,0.02835590556437321,0.14983891519541237,0.04226283647637134,0.07988941940301919,0.03355515242864051,0.12091074260715134,0.04102251100104219
low,Macenko_slidewise,MeanAveragePooling,lymph,0.22572886380274337,0.09992042200201318,0.1537119093807282,0.09440477964665613,0.07777846488085918,0.08310338744023478,0.1426467719944451,0.11101128923111918,0.1341034356031221,0.11393820910238614,0.09125632676207134,0.09383443811513163,0.21596404942602532,0.09666601583311046,0.13540856274690286,0.09990960815526657,0.1369024458798442,0.10440549689463192,0.20666610631083826,0.09091778751074324,0.15015426310627014,0.10955643356137307,0.1950984302433997,0.10499653572677606
low,Macenko_slidewise,MeanAveragePooling,subtype,0.09337116479872985,0.027668852850181128,0.0,0.0,0.06258087158202624,0.006929379537157299,0.04827911853791174,0.0027215365503330843,0.1256559729576292,0.012046949469982688,0.11232596635798683,0.018973005208491663,0.08393683433536839,0.005160271377120532,0.022540974616991002,0.0030239406476738812,0.08362467288983795,0.005083061984050637,0.06985754966736893,0.005410208566588184,0.046121525764498586,0.005896965932097978,0.07932496070862377,0.009954598520103443
low,Macenko_slidewise,Transformer,BRAF,0.15989469529152137,0.07256569781672387,0.045798941860197784,0.037597911530632175,0.05184948087691273,0.05297925085451997,0.1418760740852653,0.08316211452025302,0.10364468933104792,0.08078595008745978,0.028511687526697915,0.031182629069923074,0.1394159638975993,0.06365975319238154,0.2207989358997229,0.08600878439189341,0.16468189598084434,0.1001132695303654,0.2249212944604044,0.04997206055438334,0.23855159522055128,0.10586794222309773,0.16361808420175356,0.03750662291085557
low,Macenko_slidewise,Transformer,CDH1,0.02925386566160317,0.023386300467660815,0.014290989818578178,0.021809630230767707,0.06489067214965737,0.037896834468519935,0.06614709037782698,0.0303323225285402,0.08110996622083946,0.019759102921887796,0.08710652727126846,0.023745991371967562,0.19938522714614415,0.06681759727488218,0.06003627914426906,0.034329611622022776,0.021087123336792413,0.018090044869773066,0.14678671497344567,0.03927687024524827,0.14147545236588535,0.03308311576961793,0.1539826049232869,0.044078710145434734
low,Macenko_slidewise,Transformer,KRAS,0.02943660868530105,0.027649365030076613,0.07316785706399963,0.03151203562266171,0.11216933382875341,0.05778057874966226,0.1277474368947393,0.04588869325797223,0.07117837323074813,0.06514502815470084,0.04415132655028678,0.04293609019163808,0.13882100237750797,0.031832966119683205,0.12511980189216454,0.03929814083120713,0.1498570526967718,0.046507855413335894,0.1381453360450608,0.06028302527723903,0.11907627238165808,0.04222370896151771,0.11663632048491276,0.03357111720464204
low,Macenko_slidewise,Transformer,MSI,0.04550525503159122,0.02529040305787319,0.026266580390928763,0.0231405116157698,0.015052598285676998,0.021887537107180527,0.12518636541362985,0.032621119399015366,0.04581392364501279,0.03207869199886402,0.024414747524265597,0.023915711336573078,0.2170073326111898,0.03918428687380589,0.09529951171871946,0.026715508708280832,0.13069046096800502,0.05596963625233191,0.21268637733467213,0.08714828249141263,0.22595795946118893,0.06349419527161299,0.2221513803481668,0.08211849927563436
low,Macenko_slidewise,Transformer,PIK3CA,0.05371764864552837,0.01812554610675621,0.0859176632367448,0.0439568406742943,0.028317629953498593,0.02628624131159699,0.09400336708657263,0.030184264986672885,0.03926051821337206,0.017825773273125758,0.03728909458744186,0.025419599747929747,0.036060511728377674,0.020329200121821933,0.06431766714678001,0.04265837111087882,0.06588907804117182,0.05083258608044898,0.04363193478212668,0.029751755167614403,0.028831910749552596,0.02406957451021876,0.05286051001180867,0.03034842825555392
low,Macenko_slidewise,Transformer,SMAD4,0.053234526826162774,0.024246699567067712,0.17505613298547767,0.08626052753609813,0.07410735817082438,0.06653900168695748,0.12154570551046497,0.048826764773499114,0.0264793011677757,0.02736164829814163,0.05462604494218298,0.031526972243873144,0.19909155101904105,0.12523385139534143,0.07651092739225274,0.03677869139515553,0.1767006847394493,0.0845965283733091,0.15867411227355943,0.0811407837805902,0.03830724687699306,0.032405506350439525,0.03628320427064354,0.029509108432848787
low,Macenko_slidewise,Transformer,TP53,0.023852457178496322,0.02576538651075573,0.04798265851820797,0.04516298424155756,0.01793216623154165,0.028314508983147576,0.06591193832244208,0.04383228332735534,0.09037883437959876,0.03658857161157491,0.05325760997618879,0.017614901983505488,0.1624607697853075,0.036255586665624485,0.026546050680546676,0.01893246169485383,0.042034281862639904,0.03678213969356135,0.19635524906006568,0.029890684412680956,0.17157975591517552,0.028446617523347432,0.1484035149939456,0.05476714061954377
low,Macenko_slidewise,Transformer,lymph,0.0636014194215029,0.05728013528246263,0.048293945285143004,0.06680716779492862,0.058850476237576554,0.04781079149116364,0.0831549854004635,0.0646049544350013,0.09047647425777297,0.07984770540219448,0.06165624568107688,0.05465564889716692,0.21872292468197382,0.06959698762221679,0.1046991319382089,0.03952100351928282,0.08145770737774241,0.08887833328833525,0.17632077643511618,0.08626408646458571,0.20226081320881886,0.08321182438058478,0.15467756697770285,0.08986144850641788
low,Macenko_slidewise,Transformer,subtype,0.02836969319535087,0.023379188039241213,0.03886074248504522,0.03267845073792978,0.019789032375333332,0.025030656942660243,0.08058948937593026,0.03228558688933634,0.10694618645857665,0.02416766208025303,0.09757117453764912,0.026452668537117318,0.14894303504169498,0.03224185185111835,0.0683465999717559,0.04775810301642143,0.06899952117161949,0.03241179648725677,0.0947220844383435,0.0329372902626314,0.12331201258861453,0.044668400514624146,0.09273271981428913,0.02201250390309425
low,all,AttentionMIL,BRAF,0.24092853473918074,0.08714340090801118,0.09332212614291506,0.06626627488898033,0.009213070146944056,0.019998901635182642,0.12337532448041381,0.05643101696343576,0.17849498199690772,0.07598261899190052,0.11965191768875982,0.07442394724702733,0.24584873127212575,0.07398426027686321,0.18188594984279427,0.05245437963028463,0.12856150078032685,0.0643333759989995,0.15914661096801666,0.07574512800554044,0.16087531255947976,0.05224021107361756,0.18986466335525,0.05468906718479227
low,all,AttentionMIL,CDH1,0.1095032378997898,0.06669324684960447,0.015157191452028112,0.016679152847764275,0.031719152626054785,0.02537414044333889,0.0638150855864933,0.015677064490753304,0.0903142020073276,0.026179732398621362,0.09305549114607048,0.04725738220802764,0.0676985785331435,0.03128247580239513,0.029149179157253853,0.03189262919820453,0.03297553509136907,0.017065683189010722,0.14125652759931656,0.024504045529038475,0.10036564319987422,0.04330720187320832,0.0689549967613159,0.02084273801272701
low,all,AttentionMIL,KRAS,0.12786596306751008,0.05232803547183035,0.0633764971155966,0.03341383738153813,0.07441252359334864,0.034176459760156694,0.03965276369043458,0.05025001954898341,0.10241551288553051,0.05514842051509624,0.12178491243308506,0.03481086387538543,0.14194252380317954,0.02719492011411603,0.04794853815026238,0.05260119332271539,0.07996806987711683,0.04663653385485108,0.10939750560702627,0.0539663393294816,0.06168727764076843,0.028647287462518514,0.05001311191504595,0.030582662708595054
low,all,AttentionMIL,MSI,0.21421191997521075,0.10237174307057859,0.10052880353928605,0.036539840472983434,0.0025864154815674156,0.008412477409806407,0.15016875572205207,0.03277540695680567,0.05510700054169125,0.034627049241198894,0.08093004531861889,0.027257137316525893,0.2403436452864936,0.045685427758440735,0.10680452890387436,0.06408619334977927,0.07640328712456791,0.031243067749493997,0.1542839796065608,0.04123722044313695,0.12938686914432884,0.039845427069046285,0.14574488706590844,0.02965575813253622
low,all,AttentionMIL,PIK3CA,0.16973944132185353,0.030064248571844115,0.0367680293784696,0.031526218800861136,0.036510871099042774,0.0368398630009122,0.08759659354546773,0.046957865144818714,0.12065374677041438,0.04686985550092942,0.1051394802794682,0.032644063389223904,0.0062537414298418645,0.012046359722175113,0.06953944985724422,0.030251508710493844,0.0962537152037781,0.04257497028154799,0.0682823044524548,0.03675457896970601,0.08176802222580962,0.03670859914975377,0.0792537314161812,0.04304300063729616
low,all,AttentionMIL,SMAD4,0.19523401768406365,0.054105049953655324,0.06556923897491433,0.029048147170660944,0.046024661376358744,0.05171759157464378,0.07961099655851557,0.0353996373267501,0.12869384796831523,0.06336864109222198,0.14899746091599816,0.04635017187214477,0.30326691181868065,0.1146280058903276,0.06190069229829261,0.023262739429673225,0.10851674587946702,0.048415090156636816,0.17271665246717305,0.04548234110281684,0.019016437842709424,0.023880197024083488,0.06265970976578973,0.05161646589123314
low,all,AttentionMIL,TP53,0.1989955051898869,0.1966090239204859,0.0036251469612115753,0.007260418790489054,0.03555556974411909,0.024227419627499112,0.03465769729613982,0.02236034955374641,0.10331650218962454,0.05146019319745944,0.11395062646864602,0.05911164846536649,0.13608866176605075,0.025782972084480358,0.028961853599548303,0.02445342536773716,0.06698090276710263,0.036915306782264054,0.213782267189124,0.022667778559226436,0.11754206857680606,0.026318814106939595,0.13858586988460897,0.019737377853267676
low,all,AttentionMIL,lymph,0.40628093841483315,0.06888978020507126,0.03234969737938931,0.029519767901041,0.06023192766124163,0.05636243627332462,0.07545796993187191,0.05828265082749412,0.07682668331078266,0.06894438252572398,0.07198906305251951,0.06827086821411303,0.16020955207763524,0.08133694098208365,0.06541098716670778,0.04558538976106009,0.07581400039607883,0.05548791854366786,0.1342037475388175,0.08007003828029495,0.14261783721839436,0.05457479304070448,0.17649643781581825,0.08732288237198103
low,all,AttentionMIL,subtype,0.17051602363585852,0.04868071188523952,0.0011068916320792835,0.0037685413216779168,0.05421293735505218,0.03522537642810965,0.07208524703977395,0.026304720158629828,0.1324316954610216,0.050912732012001354,0.1271694278716582,0.027031672190344528,0.09408005237575004,0.025358632180863042,0.06013926029204435,0.035508663839151015,0.06782701969146648,0.02717114518298709,0.0440480685234055,0.02619898111294813,0.044918320179006134,0.026431366574785772,0.07607811450959673,0.02908456894377989
low,all,MeanAveragePooling,BRAF,0.1916170215606863,0.015487155279406205,0.03962236404418487,0.02473033801321933,0.0005265927314755259,0.0018024200159388768,0.11448938608170409,0.02092196219352206,0.08895743846890614,0.06582434185042994,0.10458247423168827,0.0826300121342925,0.27280054450031355,0.04560854416516012,0.16289362668996626,0.02603522139913628,0.10930319786067592,0.04776950601463788,0.1847021317482333,0.04702404688671829,0.2029867029190292,0.015844958641420215,0.23084573507306938,0.02660364224830016
low,all,MeanAveragePooling,CDH1,0.04191263069422341,0.006972478905116211,0.03346032251626522,0.01604571234240392,0.022095421450435134,0.018577030587431487,0.02420846571237787,0.007511857396083388,0.015527716772854222,0.02400394990472305,0.03186126102715914,0.029487039782590704,0.011758450167485546,0.011776179338148795,0.026949766772095502,0.009183867910248939,0.024893776076143116,0.014646818393185742,0.10307768930704493,0.03292607511558429,0.0772067462375899,0.008353230712254273,0.027292433874911856,0.017089270367103046
low,all,MeanAveragePooling,KRAS,0.026668836841585296,0.016914800997088857,0.08102319456093572,0.025532633167650927,0.09314780450821004,0.021611778034374623,0.049979653129573524,0.023375204449793872,0.11390602804178117,0.050346401762897924,0.12340305067063027,0.028553525373777224,0.0072619221305892,0.011225446533587162,0.08008474327092666,0.06761424294848475,0.13466432310091078,0.03728713061840029,0.03436401105883286,0.038008116353468395,0.10688653207780201,0.05002196185339262,0.03943158603670628,0.02363797111671065
low,all,MeanAveragePooling,MSI,0.12785393924712207,0.06693174166435191,0.04050821990966517,0.032062742138857465,0.014942381095884067,0.019151392437405115,0.0783683154106123,0.02193410372322345,0.02024074525833549,0.018408930818271284,0.023481473636625446,0.02090504029540453,0.22651647062296917,0.031046122132938576,0.10578603477493628,0.04438005250587378,0.051876542282100896,0.014478066330582882,0.15131070346829054,0.019277722553285526,0.17533336610796577,0.022288362066673444,0.20774074525831712,0.03298790441112696
low,all,MeanAveragePooling,PIK3CA,0.08781716346741525,0.020690733673760304,0.0005028557777404265,0.002059166446923318,0.043245739936829876,0.02561324980350695,0.05398857116698904,0.006573603107923249,0.07236002206801609,0.03581442645432968,0.07536000728607505,0.05017696250526407,0.021931452751158955,0.01358515383623342,0.06284570217135771,0.013238616317379158,0.09878857851025205,0.018278016311156563,0.03793144941326823,0.014652837398001294,0.078045732974995,0.013413587813776863,0.06336000680923856,0.007249221159590505
low,all,MeanAveragePooling,SMAD4,0.09429222679146614,0.14470703476819158,0.09403921699521833,0.030610777523815323,0.004665413856505985,0.006670248029466044,0.056341544151307696,0.023022483806147943,0.11883365249633768,0.02806336748128307,0.10327387189855963,0.024473308511284476,0.15476028656963547,0.05523719844984291,0.05722709035874447,0.02213657629414668,0.1261707935331971,0.05138135989988597,0.12699305152893597,0.0384455152013347,0.02092092370986214,0.023268541076023212,0.06089563703536382,0.029368527961385525
low,all,MeanAveragePooling,TP53,0.09761659917831964,0.05150568005827699,0.04399707136154158,0.020147978599146635,0.007717631435394064,0.015703667452433904,0.07404758749010162,0.01884511064636238,0.12923838911054394,0.02943419949725568,0.1544909339905747,0.061410313167573116,0.11153358039854364,0.020615509028019858,0.06894094762796271,0.018804300749527474,0.028116069412244524,0.01749177812822486,0.16330122766518107,0.030715091504978115,0.09523162660606303,0.018329430841536765,0.15516431150437668,0.01832038213735387
low,all,MeanAveragePooling,lymph,0.2922879083818493,0.08738170249958471,0.15671813327735007,0.11344555796894724,0.08950419265687233,0.09192565321974579,0.18928577739659894,0.14713373520080764,0.12557774621906323,0.11028747761832423,0.14135275918902893,0.09533676676286924,0.2392317994303443,0.09409990696288446,0.14251330930650727,0.11057457511686493,0.1598495348162607,0.12887494015073758,0.20120276052415342,0.11413845109608092,0.18235645133909298,0.08246398524325714,0.16656998235640808,0.1050237653906996
low,all,MeanAveragePooling,subtype,0.08238600492476333,0.03826804015835641,0.0,0.0,0.08523811101914103,0.013402286679092372,0.05092030763626536,0.006558086511101699,0.11249123811721316,0.010653715202012012,0.10212388038636148,0.01287398203900728,0.07785952091216129,0.008757980126303955,0.01016776561737843,0.005310716955049752,0.07004979848845055,0.004761986285429486,0.059299504756944045,0.007776427334765516,0.06949707269674645,0.009484633033563686,0.1097377657890279,0.014375803527520646
low,all,Transformer,BRAF,0.14692386780929326,0.04202778551368136,0.08555415068817562,0.0764989018330916,0.07232278977588644,0.044818293296913385,0.17518182192999965,0.06286736584571999,0.024450461017607613,0.03065636749400761,0.04672438298414598,0.045230459374931344,0.19266852532571282,0.05196924698997656,0.2515781143779734,0.08404338410403893,0.07558076773838991,0.03750662668774897,0.08761535083002867,0.04142651163573721,0.24918448125065315,0.07359791305547289,0.2185328999634015,0.04123208396779211
low,all,Transformer,CDH1,0.02931466217804744,0.03183217663356982,0.0630667936401752,0.024179583052801,0.054671610553781454,0.031890400860183465,0.07271840687553459,0.034087452642793184,0.09744716997908766,0.03508958119037308,0.07203309651181915,0.025795275472027254,0.1206338893966297,0.043018458799616195,0.05906906243132022,0.04009303746542757,0.02480296011733582,0.025507872872888256,0.13394057865909212,0.059830648906316695,0.10761276598742772,0.03877081933360217,0.06369500275424354,0.029245335187376587
low,all,Transformer,KRAS,0.02546656237873058,0.022634146794103607,0.08346204863816598,0.033774999404499836,0.08950559006969519,0.04621281644564166,0.04828939543995602,0.02098735580661087,0.04036896334920006,0.031172354715477125,0.08522632228166095,0.03663930505758338,0.03920528994828568,0.030784043459275403,0.13072182642247152,0.04949429737203792,0.09795154439240797,0.04414097278937505,0.06360470758711229,0.06489126432705228,0.16424285875600686,0.05464430238622626,0.06491854296952107,0.044371186893819796
low,all,Transformer,MSI,0.06865368093492187,0.05498766242068897,0.06088620628356142,0.03497840441930882,0.007748331680293267,0.01586323346079746,0.10517629589082664,0.0728409973654054,0.04694587196352364,0.043097330524869554,0.1032215854070897,0.056484155888556,0.17786150182724325,0.024357826627563684,0.11916810478209512,0.06906163024890169,0.09900347198488028,0.044166351198855446,0.12837591375359897,0.027031547351824864,0.1483347555541904,0.01604749803109309,0.17107137645719198,0.04921964520112722
low,all,Transformer,PIK3CA,0.10651848715852665,0.03294927339804663,0.039089928093719375,0.026381675254063233,0.04054707092358781,0.03251143149374566,0.0544613699348248,0.044150240072988955,0.10963276428302905,0.0300648117737464,0.04688991111833098,0.031471514266365554,0.017175624790947357,0.017303443509680903,0.09534705680927824,0.03412794668827646,0.10337563556753883,0.03267638297408686,0.03483278554989437,0.02773441336979575,0.09428992075051892,0.021550917194024907,0.08746133846362142,0.027358676782779107
low,all,Transformer,SMAD4,0.057588889312729624,0.02312959718363235,0.1357672354698234,0.06337549436242491,0.024698307228083118,0.02720333196047702,0.09610879631026903,0.045835609893908176,0.15638708086025524,0.047237668027962164,0.07593167037965623,0.04154092977456789,0.27605819315900154,0.06807749601872277,0.12792411060333186,0.07268544580141381,0.16056168289198106,0.06370058054453304,0.1079367300986865,0.03030361860944018,0.032731153678879216,0.034103964506619934,0.022421254825595427,0.01669590465779923
low,all,Transformer,TP53,0.04263223397217036,0.026838324018485214,0.029893767709361863,0.022189590512793463,0.019343829030616173,0.014576925764782698,0.05511825072251012,0.026604202626844577,0.05685784804303431,0.031149434269627484,0.08213841902687154,0.03552578830903864,0.09998357283543961,0.02699877182574174,0.014994776124564433,0.014833307339331582,0.0335132836052094,0.028466016846186243,0.21014068114225576,0.0327042680105709,0.15152676093066478,0.025897019716369353,0.1442035316177352,0.04607579618464866
low,all,Transformer,lymph,0.09092551103216388,0.07800252677058224,0.04494881263355703,0.03691033350178423,0.05785311093908713,0.05844234973014215,0.0697823368606333,0.05574911235081699,0.07845698228453366,0.052586663987900545,0.07766394248583991,0.06408598755053801,0.18440870872117648,0.07719387414466104,0.0828534328041587,0.06632043704611303,0.07452442279440082,0.06032817370637485,0.12655313840499513,0.09368600829897397,0.18557613721469504,0.12776445810486486,0.19581017127611325,0.05029046240698503
low,all,Transformer,subtype,0.03274505912508772,0.027886667483633033,0.016271980397379284,0.021641283631706625,0.03994680225099881,0.025425867153387325,0.04773740350452122,0.027373179646807966,0.11594161569325546,0.03243735866447562,0.10944064437595417,0.035551325431528,0.09432779132579404,0.029411931186572635,0.02876623450959703,0.025160278999530463,0.0849044638797064,0.02635919337860551,0.07410015641900769,0.019248617855484918,0.0430802065059074,0.026045785845921755,0.05867536842075637,0.02695709383525399
low,none,AttentionMIL,BRAF,0.3481885067215928,0.13261576095508457,0.06255019819648104,0.025685151158926584,0.01747041857146023,0.025951794059902725,0.1141459575881986,0.02633125732682711,0.07159275925063535,0.06040402436220362,0.08535606777572015,0.07366371416055574,0.2287736228695121,0.06732799957537039,0.14326828634647285,0.028781959474925622,0.0725900999297572,0.0659636656600277,0.14459808981318226,0.06466645097915785,0.18163267290496152,0.07388560577227359,0.19493052875890576,0.03913472264100892
low,none,AttentionMIL,CDH1,0.06452308626175654,0.03514460968308097,0.006499132823942971,0.012454665587131366,0.03425469131469496,0.034876572580923096,0.07480296821595331,0.01725078287896583,0.08942317695616621,0.022735955745021477,0.0983323904991474,0.035554711127436155,0.08782407970431075,0.03898286028221911,0.03756710023880542,0.016970287107929496,0.06429466934202699,0.030172827637885553,0.16840660305024185,0.025006264636926775,0.11066816778181288,0.019651973087657128,0.08108507127762736,0.02667242204271962
low,none,AttentionMIL,KRAS,0.033273633520402655,0.03714019844050956,0.05975635866385197,0.0323155968151078,0.06155815939166599,0.04092612254380572,0.08201613048771951,0.05376672296012359,0.0657999120162743,0.04184514097909278,0.08438098053194243,0.036212354424332314,0.11275934795590314,0.03354804092578294,0.02923833946447785,0.024282264848265133,0.12923832754361927,0.05915516442436329,0.14068728903981975,0.04214283661665825,0.030101724664968705,0.04176743731495352,0.0617082796500337,0.031494344207604746
low,none,AttentionMIL,MSI,0.2777654504775969,0.1330221570089173,0.08460702657699926,0.029914269878368583,0.0018395042419431357,0.00522144059797263,0.19093415498734412,0.059378583212845365,0.06536834001541288,0.043714248619549166,0.045666680335983825,0.036548587698610684,0.22087242364911433,0.04215714926899503,0.08213784456253205,0.03411521523739338,0.10327982664106737,0.03337923591702182,0.17725102663009043,0.04307993519340076,0.14751851320263493,0.03375411371376098,0.18434979677204746,0.038170909332434194
low,none,AttentionMIL,PIK3CA,0.12980112934093188,0.036829757342103406,0.04411545896528891,0.03170907655449144,0.02162973785400505,0.029525881258194057,0.06717258596421381,0.03045276763926746,0.09225828552247352,0.033278312532083104,0.07945829534528458,0.03509227632423853,0.013601135253906485,0.019299721802635318,0.04925827884673134,0.03099413927678521,0.12520115280140656,0.06085703838714549,0.06557258272164317,0.03633260364666769,0.07414402866365723,0.03136800659407293,0.0818868389129525,0.04588475531056921
low,none,AttentionMIL,SMAD4,0.25119594721755534,0.03143827620448741,0.05929211168294056,0.025082585318021402,0.02045590667725538,0.021998608005380886,0.07225854187013644,0.02624760484405684,0.170171276616982,0.07574198297919706,0.09376393346781359,0.04350112015796146,0.212992248821366,0.09462975546898206,0.056762025642364704,0.025663433849508772,0.136458436536881,0.0814143691717497,0.15872283964137351,0.048150656719944285,0.007426188278197731,0.012596908592104631,0.08206249265673102,0.07614062473001951
low,none,AttentionMIL,TP53,0.017350664180746562,0.013666704137489431,0.013029685062398322,0.01243978046417495,0.02840564493561977,0.024721079176484775,0.03191296104812888,0.021757262398733688,0.09543708805463795,0.030658687004055166,0.06732260231399846,0.04713041086207348,0.10997132305527946,0.030455371042944854,0.03606560472871458,0.028366931749077864,0.05865260605242325,0.024498009346674694,0.278433706802635,0.02172383037964448,0.1532092595516083,0.03139628629916443,0.13875921015166903,0.053826091834046665
low,none,AttentionMIL,lymph,0.3398480956177652,0.15083129459138275,0.05785480185566403,0.06569116027825833,0.06847444220598836,0.034959253281210835,0.089501709185231,0.051737026860833125,0.06990588351301198,0.0647262424265942,0.038632017813333634,0.026442044790555785,0.1777443472962796,0.08122761325001863,0.07210024043140999,0.06491657184114984,0.07302150174199894,0.053683607909874885,0.17474643631996056,0.08391731406966242,0.17677971764616682,0.05586564845299911,0.19277512475070568,0.0873381239099191
low,none,AttentionMIL,subtype,0.12945582866664837,0.032143383624874206,0.0,0.0,0.07947163581849732,0.027152498876055683,0.07803174257277962,0.043620466442408516,0.09240287542345445,0.021613510095331204,0.06961467266090327,0.02771788550974087,0.14898726940147192,0.02560405396340247,0.06506212949753314,0.031917194448609,0.06277378797532229,0.022717065608658025,0.07081514596935538,0.02335569936365722,0.08136328458789788,0.04491587578351568,0.1330582976341708,0.027978165515748527
low,none,MeanAveragePooling,BRAF,0.2078723573684524,0.0906567990367035,0.06079788446425667,0.03317289897269422,0.0006250047683711112,0.001986516231802129,0.05175532341003249,0.0242351183319363,0.0869282150268322,0.06704428059680273,0.08859044551851863,0.08416660851181525,0.23626328945164618,0.02318348316645575,0.14769947767245836,0.014018612172986687,0.028218104839319483,0.011699364750079752,0.1258245134358919,0.02708751057379895,0.17735374212270474,0.03636438528794334,0.21166223525999434,0.04095537261185033
low,none,MeanAveragePooling,CDH1,0.03996560488891548,0.005973418641517439,0.04259267960740152,0.017965307920470804,0.04327800189205382,0.022222551636578273,0.01632196818542062,0.007902722567551868,0.044991301643383365,0.026365018143964754,0.023974751579296637,0.01938687184588679,0.005356811630249861,0.007376542694491153,0.03265550051881078,0.008104822622683295,0.03356926356508749,0.015675456567281528,0.1045572630043425,0.037125003716561494,0.07857212935646603,0.010125753158265631,0.030142640220645688,0.03385174959261567
low,none,MeanAveragePooling,KRAS,0.02720750101473968,0.027009391765007655,0.10892673262023475,0.0523716637645499,0.08666699655921115,0.01915746443442683,0.06418197878264784,0.020494256003189347,0.11947478779219335,0.03278839947482279,0.12000032194514736,0.024176042346887583,0.028258569320679553,0.038492882095066766,0.02957238682174633,0.027829510059523707,0.12983514793773362,0.02752891042495332,0.022890718063347693,0.019470059421688418,0.07341621645353123,0.03564826923625803,0.033926708778422944,0.019071447312338174
low,none,MeanAveragePooling,MSI,0.08051401329040186,0.018823345765108527,0.030976950645444208,0.02163039229831427,0.0020160551071178113,0.0051313976252857565,0.07084323120117372,0.017631776058152922,0.07171771478660348,0.034504706712905425,0.02526709985732757,0.012334557347092268,0.21580204915984616,0.02954539288074122,0.09990702819824011,0.04175629794919718,0.05366216850284242,0.015953963624133437,0.17356955957420145,0.024688228448366472,0.14733501625059517,0.019453834566315744,0.19260245513920551,0.03413530351233288
low,none,MeanAveragePooling,PIK3CA,0.07251996179581313,0.01714582130024424,0.002291397056579085,0.0060348928159399485,0.0480056681251529,0.025715454500267364,0.052691368064881394,0.014238680804085172,0.05700563570022895,0.02928250989001426,0.05477711339951085,0.03378688098671685,0.033891395530694625,0.01621384470293394,0.0643485345458918,0.01805797821009623,0.10966282268522153,0.016234138313995044,0.051919976673084886,0.021658231303813114,0.08529137750620477,0.01668476076606536,0.07386281867986214,0.02506899192752478
low,none,MeanAveragePooling,SMAD4,0.027802663421618218,0.016288788245910638,0.0958608680725757,0.024492352936429814,0.016670458889003464,0.01896075741069102,0.06056675252912036,0.015954114099828144,0.11198989686962539,0.046203715797707844,0.08321066436760681,0.04780580551932408,0.13343203601833772,0.047635030567447154,0.05968119440079524,0.01567482373373309,0.13248323736190196,0.043119184413547465,0.10503225860590552,0.02179202023688904,0.017555993175518904,0.01816897271848758,0.07568377790450118,0.026995577123808193
low,none,MeanAveragePooling,TP53,0.05780709777828639,0.03724466579802504,0.02222909723281812,0.021830228505158117,0.014597223148343597,0.01839135881661673,0.08204952274323295,0.02024599151841546,0.13317186628337588,0.029805183106342212,0.07736376319887499,0.029892915886894043,0.0918418625450489,0.01989871620684448,0.06266121660232384,0.023405170371624182,0.04231886659621509,0.024876781463748183,0.1286544660186804,0.045154385095465446,0.06588791404723049,0.022780388776269075,0.13151644264272902,0.020668967508948075
low,none,MeanAveragePooling,lymph,0.1882496163975488,0.11335586625621276,0.1581222639214153,0.1144682700748659,0.10087336160053867,0.09699598200138541,0.17997925139773252,0.15267901162274689,0.1145611152779239,0.1105379129563464,0.14075884677284048,0.12222757271067751,0.22316486693729876,0.08551689738228267,0.15997577763905893,0.11149078139345336,0.14307695485463137,0.13127008901497403,0.17515746213306307,0.12323915306870369,0.16247755147325255,0.10557304654677277,0.1599393472801202,0.10632390501950825
low,none,MeanAveragePooling,subtype,0.06147435903549785,0.027820681421112256,0.0,0.0,0.07763124704361236,0.012866400919425185,0.03992803096771655,0.0035601679448505385,0.10735511779783968,0.019085873657647297,0.08478693962096154,0.012943495142684667,0.07653198242188766,0.0068053703217723395,0.009429562091827945,0.003414776810781424,0.06715824604061378,0.0030470776663752436,0.08420768976207238,0.007951048995760615,0.06610077619546935,0.009665284235548383,0.11255669593813394,0.009448586950993983
low,none,Transformer,BRAF,0.1380956314048693,0.04826871087783669,0.08955840091326195,0.06255147977744271,0.03024990777588748,0.037769635843767906,0.17559561948384034,0.048731128725815635,0.11455842475512223,0.06957510285844501,0.066619577213304,0.05700583380648299,0.19873393993023966,0.060358810756142744,0.2215397975883657,0.10684924057024364,0.07413283805465964,0.0460401150091507,0.17273659925059742,0.04852003576419164,0.20977115254020373,0.07704653215923848,0.238162138267388,0.09073418655472315
low,none,Transformer,CDH1,0.05875888655596107,0.03211800218458061,0.02363608668258174,0.025472495564022694,0.07257955859119163,0.032556774803166925,0.050363679627670487,0.04907137032647097,0.08617180178574659,0.05165694237105368,0.06898161957670579,0.03450039969187456,0.1123853761952278,0.07430814148940935,0.047965045670757815,0.04794153389924886,0.04625174591948819,0.05732407671162352,0.1240358550350625,0.03173638668527866,0.11187139342232086,0.02898178715714913,0.07937568018838409,0.0324433776619654
low,none,Transformer,KRAS,0.01631585113906816,0.02290113812049934,0.04439394228364182,0.0371327222585192,0.0560305809249782,0.031944461075487166,0.09608312599565534,0.031747877553463845,0.04544498674774327,0.03623171188319009,0.08602306597139019,0.03530041084138573,0.10997200362588354,0.038526685022292256,0.12085790984531221,0.04953569046014083,0.07994196169280762,0.03391129561531256,0.08925127737426604,0.03751353182688218,0.13478432648097052,0.05389268794836539,0.07723927252195346,0.04495735502510374
low,none,Transformer,MSI,0.022983231647494985,0.019732204343676934,0.023754813774110893,0.019876069820875673,0.008939983947753171,0.014442131735013066,0.15250994215778135,0.0546539582635037,0.053281560047149235,0.03887901596541351,0.035483195884706546,0.02725783667870323,0.19397088537973892,0.06492969661471557,0.15328156004716426,0.025236638796539545,0.06218074808883736,0.029757567712135398,0.18728360186377915,0.06866374117220907,0.17797291527560943,0.05007946231616294,0.1579111839370347,0.06404326039339889
low,none,Transformer,PIK3CA,0.10600883927693697,0.042697678154766536,0.08575168218960932,0.07109521002434645,0.023151701358460067,0.02183719875655207,0.03878028955808558,0.036177446606647026,0.052980261710780165,0.03235511614899453,0.04629452791564354,0.01650988499550356,0.04712312188496493,0.07347901975224408,0.09326597419129637,0.05896897680629266,0.11146596041084174,0.054550885611739645,0.09918026891107203,0.03439498803729819,0.11518023577087597,0.017448848937642886,0.11980883446088977,0.06060171617443025
low,none,Transformer,SMAD4,0.06535347474353204,0.022559086876275475,0.08755460751788222,0.05102752879323353,0.024935994274759583,0.03004745335824637,0.10216562522189947,0.04930726381985122,0.12025544417640328,0.05789063493266931,0.12101443780203398,0.05705045481705287,0.2978645421340905,0.10665894223068945,0.05915487778920368,0.04449027071585306,0.1677570201232608,0.06522083513483422,0.13834525121008365,0.046525177111656796,0.06370894683136712,0.053888264704799384,0.028920827038443366,0.024876554829416392
low,none,Transformer,TP53,0.021805980888351152,0.0201939855133082,0.026632037845600913,0.029658982050346137,0.029886785236378135,0.020931560139816778,0.05334358522035062,0.03411940049886251,0.07651980229950439,0.02916962037679,0.056149414268482814,0.04202975630627575,0.14753552981941206,0.028839833752419584,0.02247938224410027,0.019818925397901234,0.05261406013107173,0.02764415840412675,0.21529646226504032,0.03525976100727822,0.17573416539769124,0.03496874505244939,0.2169238359604625,0.07157894874729082
low,none,Transformer,lymph,0.07502888938817663,0.06952683046273274,0.07337652942583847,0.07053931078024119,0.05514501830970225,0.04455187828425811,0.06667696735295187,0.05762098132476595,0.07025284072788639,0.05188183530370063,0.058576493472206476,0.06088368840148732,0.19497924348743592,0.08006083672087796,0.07460022470390122,0.06442716569497954,0.07566546699440356,0.05861361853517564,0.1633309056464189,0.0801022358176204,0.21224201223298322,0.06754053806368501,0.21488069793634207,0.08832652122295849
low,none,Transformer,subtype,0.03935990918883152,0.026504627327310168,0.010528582227329598,0.01736690716695423,0.037935489308942104,0.033780380875754856,0.06817522634277055,0.027343650420805846,0.12925658811337243,0.03895568801771172,0.09395926584005351,0.030018023017706244,0.13185506452339235,0.03549217821074057,0.09430147994767027,0.034903287339999194,0.08503332723383797,0.04281890699806206,0.0856844245315186,0.03615042547330018,0.07920412410506485,0.031805388470906755,0.09909610141521054,0.017602489728866907
low,simple_rotate,AttentionMIL,BRAF,0.343577403630935,0.1053685582630796,0.0752263434790962,0.021652302092827917,0.013258255329136713,0.02306459765548172,0.1234976180457969,0.023542348745440287,0.08892315706251454,0.0809304385807976,0.10022630771639086,0.08618764342891101,0.22030612310409423,0.060314696730251756,0.16059866031639636,0.02783313033002856,0.056210387554165235,0.04719456820656724,0.1030189045334298,0.037645085713302336,0.13061196884148357,0.03452446478065897,0.1906518467330547,0.046107888874652316
low,simple_rotate,AttentionMIL,CDH1,0.03447256042108323,0.025203050442949973,0.01711101485833568,0.02524489373657497,0.039840888515557796,0.02661524626494032,0.06576894475544984,0.01793261122575093,0.07193685723882712,0.025597221551525308,0.07490653945551154,0.031541629470369516,0.09912128402337739,0.03504848756471563,0.03892711354836503,0.027868671442758626,0.0609716529999665,0.030649587547973405,0.15634576036077713,0.051968958513124046,0.10414698077783381,0.01807369618505764,0.04223953439341213,0.023330205443205475
low,simple_rotate,AttentionMIL,KRAS,0.08288268704264748,0.0840031209248256,0.06634741086807326,0.049103870059984046,0.06289394755220346,0.02225574500662165,0.06736092824794446,0.05216951452536278,0.06856212277262529,0.03681781845970482,0.07712067026948544,0.036464430297620386,0.13673028607219462,0.052338993881341486,0.03560416359753532,0.04232799887998864,0.08451556820712518,0.05294827850184609,0.127008053253511,0.026772138472304068,0.08721827525940049,0.07535711896628096,0.04600206274839716,0.035088045934780154
low,simple_rotate,AttentionMIL,MSI,0.24923991746896398,0.12246927802681577,0.040495045852676353,0.029508010862983138,0.0039724308967572985,0.008661786677924386,0.20417819805141166,0.05104885773992515,0.04054648466111044,0.027028912486494652,0.024651427936552988,0.019445526663987057,0.22547450847629574,0.05097451455153419,0.06266586370469239,0.03438953928685902,0.06523787565230871,0.02710769813648525,0.11554649658203452,0.03378864773861875,0.1296411354065413,0.03275827835175161,0.1894662458419999,0.055483608254166455
low,simple_rotate,AttentionMIL,PIK3CA,0.12311402984620824,0.027998055562324427,0.011428324661253078,0.014280749728994112,0.012942628345477276,0.017129346805038838,0.04914262720109268,0.02213006767367069,0.10511402317046092,0.02978239714274128,0.08462833591468338,0.027362038609850172,0.0268569154358014,0.026096431448236243,0.044428305110946344,0.02773020703368496,0.0985997600174774,0.05205827656690606,0.06605692335123733,0.021733144233851,0.07577116914749324,0.029621758411311313,0.0649426264381531,0.035659009192656195
low,simple_rotate,AttentionMIL,SMAD4,0.21482439533176567,0.05147280886504891,0.05998571411058131,0.027280483787760934,0.03544424072191753,0.029145187866806553,0.07428044572729951,0.02706704958874437,0.19072571888849854,0.09446222475253298,0.10729752078928041,0.05887371387422474,0.28870169416348757,0.07911937745755342,0.06023868814391893,0.025107924524385376,0.11336960092472954,0.043768240239823716,0.1961020757284803,0.03413251847949697,0.01469791427535915,0.023881529338068155,0.07073838010712132,0.07988955397515052
low,simple_rotate,AttentionMIL,TP53,0.0447840069610649,0.05106812836507859,0.027780625708770695,0.0221909663427688,0.01933506477662122,0.01986273054344938,0.037909719832609594,0.020765409536007102,0.06251690138166384,0.06005546919980665,0.0704574202377394,0.04858123038233394,0.13246638525324497,0.040616644162831644,0.028005132563776364,0.02519284124238769,0.07068189132997593,0.03821568625327001,0.281456289180137,0.031786264670453264,0.15157413233116349,0.025878749981725784,0.13754496324839957,0.04060618546877095
low,simple_rotate,AttentionMIL,lymph,0.2979283016002825,0.19801407839453927,0.05217304041756753,0.05561903148548887,0.058149872330561035,0.061395469825585185,0.07790765574351802,0.0688208684932527,0.07207468560111614,0.06484440508099262,0.057009838131797434,0.05492508520736682,0.15281698515783956,0.09854485000632768,0.07764748146900624,0.0698017294447921,0.0727504949846625,0.0630986609581854,0.1480769615448438,0.07464475735472684,0.1592258434571732,0.059431653436043314,0.20884970238572104,0.09785989715717208
low,simple_rotate,AttentionMIL,subtype,0.08262906530764005,0.03373775297161032,0.0042114422645572235,0.007344332627933195,0.05779911735916631,0.030294767802547626,0.04496947983168688,0.0340359977532748,0.07031386354830622,0.030302777550242913,0.07905345419312602,0.030565479492002254,0.13537869909666744,0.030513367953116707,0.04754795292285107,0.03184330166766847,0.061295335086812126,0.029480913767623657,0.05526930549999617,0.03160397488226255,0.0705175803032027,0.046558573211684266,0.05979649284741761,0.02832113973888857
low,simple_rotate,MeanAveragePooling,BRAF,0.16217644977945944,0.01205492013604214,0.036112626079528025,0.021941979399699305,0.004929085258484317,0.010054685912847134,0.04236261415863895,0.026124724547182496,0.07793442774203825,0.07699124715320016,0.08132537174609668,0.07784487177383599,0.23405144977943693,0.03604116137351638,0.13983602095017986,0.012459229587816879,0.025474317554475327,0.01720267327641874,0.13524822760023983,0.015340438017728296,0.15566048193357618,0.026030552719754713,0.2151684598961508,0.04543377981476043
low,simple_rotate,MeanAveragePooling,CDH1,0.04271517755895224,0.008205751458874967,0.044428477310185475,0.019538450052463498,0.03951699497604252,0.01612609397896335,0.0195284223785406,0.009652564837353767,0.05085339310073629,0.016193531202176866,0.026552996658308903,0.01765439685782653,0.0058219886054970815,0.011455330551343021,0.0386032438507133,0.009119906117654016,0.04477114441293375,0.013633536626572794,0.10462263586423964,0.026691243574303587,0.07960837843324153,0.01038538511570845,0.026381657146387353,0.023482404796889712
low,simple_rotate,MeanAveragePooling,KRAS,0.024090955337525293,0.019273949905766686,0.09807744987864817,0.02959604507992363,0.10123059519195175,0.03828688715395561,0.050930318912511936,0.027668129498028514,0.1261555350627915,0.04202464987449117,0.1350143767203449,0.04286162574806217,0.039293680271149885,0.03249692057910061,0.06883572109603496,0.04964011064583195,0.1290083742944518,0.030817717678648385,0.05066755779645452,0.051582334719330554,0.09473659761809083,0.05368055421160479,0.023152527889243026,0.01912858262659358
low,simple_rotate,MeanAveragePooling,MSI,0.09301730346678874,0.045260631776542465,0.03427239608760855,0.022891997483310788,0.020023464679724698,0.020253987846046383,0.0637991781234557,0.018059229896824458,0.017297112464900115,0.015236740045676348,0.012101649761200848,0.014825601072573844,0.2189432139396563,0.04969548239097203,0.11539380502700959,0.038020102832683034,0.05556869459150941,0.018062896512334028,0.1473382587431158,0.021071027651426977,0.13638147068032688,0.030670714237492288,0.16045553636553825,0.016265987320087084
low,simple_rotate,MeanAveragePooling,PIK3CA,0.08002067059481888,0.02348126534757875,0.011392085256193486,0.01549410625075248,0.05127779692610716,0.029601331812050047,0.059734933080276734,0.02288619347899015,0.03367780894240203,0.029217609018248887,0.05793494433363826,0.027532542323232455,0.03864925354918388,0.03006185636728602,0.06904921978908961,0.026841971840237542,0.11407779902420404,0.025126813397432855,0.05653492659534353,0.02671074706591908,0.09096351117105334,0.024014556906289362,0.08650635928118112,0.022770052288540246
low,simple_rotate,MeanAveragePooling,SMAD4,0.016460468769069647,0.013574698130777631,0.06351928949355375,0.030542494679329086,0.013424410820008325,0.015118140298335699,0.04770651102069603,0.014446998286096661,0.08717519283293225,0.0212014642662073,0.0880607032776177,0.028922423798024472,0.12297532796855706,0.0389233089554575,0.047200503349312764,0.013577906899152444,0.10956610679626835,0.0424475754269448,0.12752942085262592,0.026466031897197075,0.00861734390258798,0.012780787986505988,0.06857937812807487,0.026626352316378957
low,simple_rotate,MeanAveragePooling,TP53,0.05910773992540521,0.04310323166867662,0.041907973289503735,0.027733796136853065,0.004281706809995602,0.009898132354940137,0.10815375566485562,0.024868999106868947,0.1333501529694049,0.02899479072588931,0.09639729976649355,0.034848624901218754,0.11859144687651271,0.024866970898676656,0.08365882158280766,0.026236218636923773,0.07672837495810554,0.03915757716316397,0.1677777600286459,0.039580617934871845,0.10299100399018087,0.022406230998268963,0.14976428270333908,0.02661321692835845
low,simple_rotate,MeanAveragePooling,lymph,0.225741744782248,0.0789693421509778,0.1678060896651749,0.11137691135192808,0.0968166239516508,0.09032722681866519,0.177544272686653,0.13976595949229006,0.1275913007514034,0.11775756027246947,0.12669717147512563,0.10750014987447348,0.19810624196689286,0.09780042894798233,0.15194342210450942,0.11689992449615645,0.13941106870336098,0.12365581680752397,0.16309157684007447,0.11278994287500914,0.17775131538082767,0.089753944206311,0.1534702546852139,0.07418280275536134
low,simple_rotate,MeanAveragePooling,subtype,0.05860471725464641,0.018233399005090523,0.0,0.0,0.09007462263106693,0.005452342122010612,0.04236973524092818,0.004217458386299634,0.08052699565886617,0.01118984908364014,0.06479454040527345,0.010656878639853469,0.08019074201585058,0.01042254173684449,0.011371076107009956,0.00383108223679284,0.0700299024582937,0.003028338328751806,0.07554526329034031,0.009844699289464876,0.06582399606709412,0.007414747070756511,0.07690955400468472,0.007119464785284207
low,simple_rotate,Transformer,BRAF,0.14333115411755867,0.04518995532904916,0.15377000165940113,0.08318916373783787,0.04266627622606147,0.039382003105407314,0.21806522203437081,0.09920511924387503,0.06879659486772319,0.05359921388183622,0.04918223215103052,0.05703842261609803,0.18987370921120664,0.0701459299449359,0.18209446264268886,0.06444891850256561,0.07212105585096154,0.07043820594312283,0.21128328634263074,0.08829460870738165,0.1593550880051017,0.06824055307873073,0.1820279677009295,0.056975354954829596
low,simple_rotate,Transformer,CDH1,0.06095678160023286,0.045575881606113776,0.03011725494690414,0.033377313100104194,0.0936809355957368,0.03895574417612181,0.04873520681688211,0.03789429248548144,0.10253302404704265,0.0374009020365786,0.0657540614349631,0.04315927065356206,0.10595963547057793,0.05144803472681454,0.07666209289855623,0.04912393187943391,0.054331999514755445,0.040598713685493476,0.11658213684386066,0.043402893896097645,0.09676491567920881,0.041938453799802926,0.05353246280976982,0.03386546724510186
low,simple_rotate,Transformer,KRAS,0.028384719405115496,0.028911821686973083,0.07399282268039335,0.05073411814146007,0.07170300296298389,0.028172932323676396,0.10417301467408686,0.052614358680122104,0.046778080973545334,0.02687928373899173,0.03570452741137776,0.025648624815944033,0.09430061391339739,0.03426692983804241,0.1248561721183488,0.07407187598071999,0.10225856116773968,0.03208480582300349,0.055674491438833344,0.04833685017055628,0.11678560784817209,0.019566769689709884,0.10698830893992047,0.04031968011241171
low,simple_rotate,Transformer,MSI,0.039585175588980795,0.03641002242196087,0.07754813678590036,0.05471018995864549,0.004297103956605885,0.009009217751195446,0.07867985017623326,0.044600080891455396,0.052805342748845976,0.039004841055107674,0.03351522929990015,0.023376694556215716,0.24370042331544053,0.04525458240415176,0.18768189199277885,0.052493901888786935,0.08053168304294261,0.04961504520498684,0.10501728303762213,0.033994348036644875,0.20105636365736262,0.03411363132821042,0.18742472179282765,0.016066613366512
low,simple_rotate,Transformer,PIK3CA,0.06508071050935552,0.029523245046435383,0.08119499311722349,0.029686535002597048,0.023852141955425354,0.022991346661433446,0.07576644048979711,0.035665512512122244,0.08093785867982425,0.024666076210792014,0.06639499292663652,0.041853401839033216,0.04373784885698963,0.054497918812084385,0.095137848713927,0.04159623721155598,0.11942357645328137,0.0436627342183276,0.04468073473268863,0.027199798887705302,0.07919499502475667,0.041981817433796476,0.09656641111670408,0.05613185541400718
low,simple_rotate,Transformer,SMAD4,0.047051522055469086,0.023294576381534426,0.0557801812084959,0.02513193097973667,0.058246943274375795,0.05932297248825283,0.13199777297110757,0.04774489177773248,0.14926531008805236,0.045745363281586376,0.12029629639711224,0.07583323643631572,0.324723866501766,0.053809616507330155,0.10979660443387002,0.08339263139158608,0.17709580353822357,0.06187230678465402,0.13092248133744225,0.06271000553612477,0.04705152205553028,0.03984729401556518,0.04148541382874541,0.03878098779225665
low,simple_rotate,Transformer,TP53,0.04768489032367281,0.04023827416714795,0.04044582276915176,0.04520844294491285,0.027903741889950366,0.021918979889613492,0.09563661246872288,0.059724156533771985,0.08528308301541962,0.023574756765114606,0.03573201327897207,0.024157132090291508,0.17773539453112447,0.041382727178341815,0.021815079742431763,0.020354894939302825,0.04894751935576831,0.02137297095398155,0.24055808215731075,0.03655278896582063,0.14611362844076795,0.04059063019367045,0.17240428357698903,0.04033610198706239
low,simple_rotate,Transformer,lymph,0.07180322854081107,0.06119955230207358,0.04893005339660167,0.048150146140700796,0.04709090439832974,0.04341646153420074,0.08307571856533,0.06875043316965473,0.059928004427353104,0.04316041740579505,0.0665182277397246,0.06592585691116308,0.17964197842631088,0.06351070499793016,0.058587305231445806,0.04925671240459359,0.07677898852381257,0.05162362753106125,0.15144598929426903,0.08584535396978302,0.17158760277781893,0.05473111042945829,0.18068069664994763,0.07257097709957691
low,simple_rotate,Transformer,subtype,0.017228072574194463,0.017527970569439034,0.013329130103661721,0.014992768302389386,0.02900164692647413,0.02525919910064558,0.06655319302327868,0.025176102012221584,0.056965022971701494,0.041466489682287964,0.07081714241752202,0.022191875536928318,0.08892078964955566,0.0153820275781602,0.0692429241443462,0.04892517445097245,0.06129797070271784,0.042480691284690515,0.06203927366979217,0.034347321142644834,0.06675376265287122,0.03350366919868395,0.05627039044146166,0.026123253267293128
