feature_extractor,,,bt,bt,ctranspath,ctranspath,dino_p16,dino_p16,owkin,owkin,resnet50,resnet50,retccl,retccl,swav,swav,swin,swin,vit,vit,vits,vits
stats,,,mean,std,mean,std,mean,std,mean,std,mean,std,mean,std,mean,std,mean,std,mean,std,mean,std
augmentations,model,target,,,,,,,,,,,,,,,,,,,,
Macenko_patchwise,AttentionMIL,BRAF,0.2789165413341569,0.09648413609894717,0.058703765865326364,0.0366849542746759,0.022134647365570456,0.0375607584286511,0.09381016254044211,0.04530151673098441,0.16867718457793993,0.07038511244682769,0.1410176014862111,0.036274279070049015,0.07206814050293157,0.0528399705197588,0.10777294396971576,0.07411906138165326,0.12619048118211448,0.06398882314170155,0.17525962948418808,0.0745707649912867
Macenko_patchwise,AttentionMIL,CDH1,0.04038122579575024,0.014882863199779307,0.0210779516410841,0.029036015623140187,0.009998592586517566,0.011960856535090448,0.04460740968703977,0.013954707460118681,0.1835565535736061,0.03611866895580045,0.03489864751816159,0.020714361476925194,0.026332136840817824,0.027243409591799113,0.1964063732338044,0.042598907298780485,0.11530985519410059,0.031582390337572555,0.09760567829131697,0.025305522492871924
Macenko_patchwise,AttentionMIL,KRAS,0.07725220690303412,0.05680971266312488,0.06548418770365046,0.02929147567538258,0.06923795710139106,0.03881894268738924,0.054373118978067084,0.04760161461316602,0.12595716486506175,0.03037049385282203,0.016422650914716935,0.026187254678782364,0.12231604824594768,0.07613434763339341,0.10966588030390849,0.03590039165598447,0.09532655249171088,0.038482263271527165,0.05925297508768814,0.05215572628760808
Macenko_patchwise,AttentionMIL,MSI,0.3328428133964438,0.07357947652489866,0.07173170890808236,0.05684774833477187,0.010466252231596774,0.016273335565874028,0.028624676132204704,0.03036322744038963,0.18078517761231688,0.028316348601697947,0.07018848505018552,0.034005484021510914,0.1234806760787985,0.03951074617107313,0.13747241344451747,0.02609517262939621,0.14271935071946404,0.03825782184998178,0.1555794342994447,0.0410059517696295
Macenko_patchwise,AttentionMIL,PIK3CA,0.13388673734818082,0.022775088318617534,0.03942958784256673,0.012162893077026102,0.019572467328644864,0.01655377595472139,0.05508671474609626,0.017738934959604023,0.016143877030943297,0.009821763275859548,0.02622959089431733,0.018265401213904166,0.05417246294174195,0.025708947277393472,0.047858173371887844,0.028533263692817133,0.044372457982631903,0.04062320382989819,0.014629609109496648,0.017272812906946156
Macenko_patchwise,AttentionMIL,SMAD4,0.1494891533336702,0.08389630489973833,0.06410014123534717,0.025538617294400816,0.04904639215088388,0.03477985737312931,0.0608110854110578,0.05561638001126277,0.14670607537839672,0.06518034844151233,0.07295528144453743,0.0325219669062955,0.10951443404770043,0.04685354591160785,0.20034301967237994,0.02788945318931253,0.01792683095549997,0.02424330886285003,0.06903373689269374,0.030950384335140184
Macenko_patchwise,AttentionMIL,TP53,0.023166071567537513,0.02360382829300714,0.028048228416443166,0.02385066775619573,0.042863046321864974,0.02643632260702737,0.08879457632063016,0.03586271776462555,0.1679752937889251,0.05457944781508643,0.0323411695098826,0.03844931927605689,0.03624128023147744,0.017693407670208237,0.23722331443786665,0.028643890774731718,0.12218402544021148,0.017218133292237786,0.10330074945450726,0.03694093443534806
Macenko_patchwise,AttentionMIL,lymph,0.25202190400985347,0.12987594495484578,0.036961735505102684,0.049643644600695536,0.06495530726336873,0.05893032200463644,0.09128159405613454,0.0920330614746993,0.16724625946900595,0.06995561770393063,0.09756188513660133,0.08815043508264542,0.08159736515903866,0.0700643381052625,0.16467287661458163,0.0708019608053168,0.15950840832614682,0.1162178599414687,0.1922539723100646,0.06752253659168045
Macenko_patchwise,AttentionMIL,subtype,0.11309125185012861,0.04053054327390941,0.0013496255874635003,0.0037165542502400227,0.04430104255676493,0.03204392085140533,0.10980601072310905,0.030453357458674776,0.17176015138626843,0.035164316732447576,0.08524267435073765,0.03904103385351536,0.05431663751602862,0.02841936044293231,0.07968046426774113,0.030228426428610317,0.10532052278517598,0.03910335668772688,0.09736666440963448,0.031644253328689476
Macenko_patchwise,MeanAveragePooling,BRAF,0.18195476055146362,0.025563175678569694,0.0707180690765413,0.038852405355858904,0.0007712793350219762,0.0029114830576275597,0.08986702680589105,0.03343413237592334,0.21293882846832185,0.04466340544991374,0.13647605895998843,0.04872863487315988,0.042859025001526295,0.032427715521111594,0.1467819166183589,0.03991031606833987,0.1592153978347808,0.05609878776618492,0.21686167836191944,0.05757523942331615
Macenko_patchwise,MeanAveragePooling,CDH1,0.021220006973269378,0.008220506973939643,0.005229165584563931,0.006417824374765228,0.016536977321627604,0.01178208047306034,0.009112646610259713,0.009221001663360071,0.10974086764526202,0.04416466183473552,0.01687964442444044,0.007457754621415285,0.019278266460419413,0.011021031001532983,0.12413262370301974,0.020540390699864075,0.08781054261398302,0.007702260407124065,0.05377283337783883,0.036653761447678034
Macenko_patchwise,MeanAveragePooling,KRAS,0.022099388233489774,0.02869333835589305,0.09165646492607633,0.05087018643816039,0.07157386600142988,0.035237976660896314,0.05070298968917274,0.027908724361009003,0.025290084472961768,0.02569390199205773,0.05032763539917421,0.04544945134682346,0.15498228131895445,0.01606493779335309,0.04176908790237571,0.03323366532749812,0.10119102059967484,0.05486502481098197,0.01575555860168372,0.014047388568020992
Macenko_patchwise,MeanAveragePooling,MSI,0.10887736940382634,0.03783881663509147,0.0285789933204652,0.029545506040426172,0.041799184322349206,0.03849056697289954,0.01690205001831127,0.02583619071691019,0.14735471868516445,0.04901626053601016,0.04200495147705469,0.027873656122602293,0.11813660526276193,0.03253892301760561,0.11278682613372755,0.03407478312915056,0.17024566793442839,0.037622660978130065,0.1655131664276129,0.03132338964414714
Macenko_patchwise,MeanAveragePooling,PIK3CA,0.05247346033936001,0.013294626950231508,0.00813063254241858,0.010440067842477918,0.03641633858566735,0.017651275870054436,0.08033063282853246,0.036777830910697785,0.028130601548004865,0.012455437978131312,0.029216335915375036,0.012755895361390292,0.11601633896713338,0.011071122401035272,0.011216317318725924,0.00784179158541466,0.030387769841006322,0.014115629505327729,0.015416334770966681,0.0166917471415797
Macenko_patchwise,MeanAveragePooling,SMAD4,0.004533647499084298,0.007525757847299164,0.04716489215851331,0.016054307909136218,0.032553874454496416,0.023661299984691086,0.06632996698379112,0.06180601677350848,0.10788594981193078,0.0966650450126398,0.032364093265533994,0.00845764238720712,0.08638057609557961,0.02220320590074265,0.042104791603089796,0.010716124572931598,0.023635446033476983,0.023536666106894727,0.0744261254882748,0.03971846035636757
Macenko_patchwise,MeanAveragePooling,TP53,0.031057123671725247,0.02721059538185167,0.01843085719222891,0.02483785596372819,0.044917945395661955,0.04428128896786182,0.11489555073853469,0.03161143395623012,0.0747720642196686,0.02505139445453623,0.045956127177429945,0.02907444183283269,0.03607957793350106,0.024610388123253862,0.11304367018815062,0.03913212638667399,0.06613010598298123,0.02824657497040305,0.0875386161911118,0.052720296722486154
Macenko_patchwise,MeanAveragePooling,lymph,0.17957007914846876,0.11515385934019616,0.17796295911141025,0.10352445154040056,0.11265264779393473,0.11939642052449463,0.16231521397892837,0.14550540079090674,0.22033264666859678,0.10771232956476655,0.13865072757071714,0.09806812195058821,0.12070516377752896,0.11187893965721953,0.19790463477439474,0.10947415175149015,0.16561737090414128,0.10268056938755003,0.17313796311683088,0.121948674503069
Macenko_patchwise,MeanAveragePooling,subtype,0.05600019693374963,0.0346037183559581,0.0,0.0,0.04511345624924321,0.009027983753874591,0.10992932319641502,0.0063692735558993525,0.07547754049302029,0.003895000988890032,0.012317001819611016,0.0036279061255843044,0.06172461509704147,0.0031197944242794336,0.06469416618347287,0.008129511908197214,0.029863333702088424,0.0036674107165718165,0.06031028032302751,0.005036033104977545
Macenko_patchwise,Transformer,BRAF,0.14851257171630017,0.037883183956971975,0.07450991239548234,0.06696521357182288,0.08853916492461035,0.07498526168220437,0.08009501066208148,0.04268504746058274,0.15974929895400375,0.05277304169724676,0.14598596658704185,0.0765232094808505,0.07371202077864619,0.10421079010762707,0.217927461528777,0.06970007013022456,0.21254181232454677,0.04360141572513653,0.19445671405792406,0.04311608290996742
Macenko_patchwise,Transformer,CDH1,0.04073415839767672,0.02610172356939145,0.05204198205566725,0.03644589885259402,0.048444019199374674,0.03718337257094099,0.08516591632461666,0.031199850213304268,0.17717047774890068,0.09997217140660254,0.05763878667449912,0.04159985354944825,0.013092814327240349,0.014526946167481696,0.18739322269058165,0.050929184339592704,0.1275417073974564,0.02678547509585978,0.11018018567656711,0.05773064778839712
Macenko_patchwise,Transformer,KRAS,0.08849699406299129,0.06124183005988536,0.07671022324236,0.048105180155198414,0.09653003124866212,0.04320982264113616,0.05017118363054984,0.05856396294179908,0.1331666639295645,0.050302587017876925,0.09427777437838716,0.05574569786252048,0.15433782844220245,0.04814997145183305,0.14866967110308332,0.039825533499093985,0.13035133986148723,0.06877281502087933,0.04315163998278754,0.05192923815153639
Macenko_patchwise,Transformer,MSI,0.04838431364059734,0.027330337645867404,0.036347274837493344,0.040355170194630384,0.022509806213378898,0.02958123188205722,0.04272586589812717,0.020415166582892982,0.21186168676376335,0.05833725018319673,0.07806538825988828,0.04453350758655895,0.0754419375038105,0.03967441194445093,0.18696456438063416,0.03961703351299084,0.21078144794461928,0.0711936230712721,0.16165593153001012,0.02340772241619185
Macenko_patchwise,Transformer,PIK3CA,0.07478118947881501,0.04006085519900703,0.059266899146026994,0.04095411369725922,0.031352613486242326,0.03341095694230371,0.06995262912649608,0.03501353949589793,0.044209788359587575,0.05463343373574721,0.06306689790623773,0.02464781601827861,0.08395260385413213,0.04469524372823608,0.09000975898641016,0.03692408713451394,0.08103835395712777,0.02869212404188461,0.06749547532933649,0.04882325565543948
Macenko_patchwise,Transformer,SMAD4,0.06774008914107968,0.0596617029349553,0.0810228173362832,0.05387696382687716,0.06154146834487998,0.058932818900846715,0.03643074675673919,0.03382070499428709,0.29879637404562004,0.10845134459855534,0.06723409339065785,0.043862960760007536,0.11694942160721797,0.01977122027298154,0.09234475537414581,0.06115174139347076,0.09202846928710916,0.03498506963172182,0.05104181214447091,0.05854169801004062
Macenko_patchwise,Transformer,TP53,0.04595441244506367,0.032602285755025176,0.01927092693710136,0.021109421288290655,0.024602014049529605,0.019660548265555737,0.06980399511716856,0.03493229361793264,0.23091513536836206,0.040697269045468165,0.044888216480256704,0.04002982859584022,0.03344036959076462,0.023074856441964674,0.20212723635101282,0.046505982976431444,0.17774454973603007,0.030934456575679885,0.18015757225418252,0.02539353152272126
Macenko_patchwise,Transformer,lymph,0.048387867618826845,0.05859358422047513,0.05910056274059559,0.07078236712194712,0.040914780308031105,0.04988980167728262,0.06943360011698507,0.06037887861324007,0.13726212422969056,0.08037206993936577,0.08028458993557169,0.06286910498683881,0.06769138019207611,0.05793221217046082,0.18788892667416554,0.0838615326322344,0.159929150749493,0.09510830026131216,0.16314598958615348,0.08724612364139506
Macenko_patchwise,Transformer,subtype,0.03371797366714263,0.029076970924182904,0.010319443183898632,0.01566606635844009,0.03522082133865297,0.02767728316399694,0.07631907029722729,0.0279267749675447,0.15817768140411487,0.050499728852539276,0.05504165454482997,0.031522406385144086,0.06346765323258409,0.03268018978822298,0.10711559815978919,0.04198310382818429,0.11203178926086782,0.034361439380682125,0.10700552030182284,0.029643951381339427
Macenko_slidewise,AttentionMIL,BRAF,0.341823202037832,0.07489940771001465,0.07360510196684915,0.06290333659276481,0.009908300304413233,0.019069524330627505,0.11675670709609888,0.04755421231469993,0.15046681728360842,0.04885248039136426,0.13371146287917968,0.050999237570222386,0.05266095962523972,0.05134332090095708,0.11083916988372508,0.06753298071518565,0.09548010196684396,0.0510775071285213,0.14867158498766644,0.05192188363965381
Macenko_slidewise,AttentionMIL,CDH1,0.040691302783962664,0.030841373659592698,0.036522255905150076,0.03964480345307846,0.03395228243637572,0.023466927051869858,0.08466615534591458,0.03856959180878528,0.19614531851577582,0.04255468468238275,0.019903169639588148,0.022133799258518817,0.019560514457699768,0.01707023127612522,0.22532862282562677,0.02882607064929317,0.15645371533203326,0.029467040735907342,0.12727039910124588,0.03940220677396972
Macenko_slidewise,AttentionMIL,KRAS,0.06303826189041221,0.0613919199416388,0.08441593265533259,0.03986758388601823,0.05123275136947249,0.042125904738889136,0.13201350784298901,0.043295454462914246,0.1697387537956177,0.04730580214449694,0.009828837871550755,0.019643904199084395,0.12056456422806085,0.03683274802020394,0.14676577663421544,0.02278954272590568,0.10051952219010234,0.037167177499634066,0.08546697711944554,0.044965046069953316
Macenko_slidewise,AttentionMIL,MSI,0.16687160029411957,0.1526798831454904,0.07932014360427764,0.02545697839976413,0.004731689834594083,0.01189127458689895,0.06249915256500416,0.033731903093255855,0.22263289585113055,0.03970386721634329,0.0637851704597527,0.033469828992481195,0.12998886003494942,0.044268869863158186,0.19423782720565147,0.04732889203472153,0.1474271286964676,0.03993325632290221,0.19758146896360815,0.05730267726057526
Macenko_slidewise,AttentionMIL,PIK3CA,0.1199009295982316,0.025086074176870362,0.030472349790954915,0.019915633961951437,0.020643758444214108,0.019024173641826195,0.10087237325135676,0.03429223584317391,0.03044378724517727,0.023957268207097187,0.050872361330412265,0.029002410687816543,0.05272951093139558,0.041184222588383945,0.07327238288346212,0.0479341053110576,0.035558080343627875,0.02723111575116845,0.03844379153671465,0.03144667973646857
Macenko_slidewise,AttentionMIL,SMAD4,0.22908533233628656,0.06652763257307381,0.08120425361616908,0.0292562752773791,0.09347495454773075,0.0648561633183945,0.06551798004134747,0.04606070976019712,0.11200756448729562,0.06758001402709404,0.07924347537979536,0.021676513351442012,0.13363943714127247,0.06409806471067439,0.16235541719421903,0.05187850350404339,0.011185282649839512,0.024167654765070525,0.09689053911194266,0.11214877420030483
Macenko_slidewise,AttentionMIL,TP53,0.06472046726989157,0.08187686749616954,0.03814921730804056,0.029145971282008708,0.03831755274581987,0.029995396360219872,0.08085403794099592,0.03567740694439658,0.1560504352454884,0.034652176330994766,0.03105043524551287,0.027861786243839178,0.023278251827237854,0.02001082961490797,0.2655622040633488,0.032969245377117616,0.1239516770248428,0.022222837571415608,0.11250386589813288,0.03815710555084528
Macenko_slidewise,AttentionMIL,lymph,0.26767051926216445,0.1671057464425665,0.06422556152903543,0.08425420726370668,0.06232993116939511,0.07089452047217375,0.09033252707086069,0.0750631392025649,0.16371917238793726,0.07556678826251323,0.08836292734707023,0.06085594662963465,0.07256651630962395,0.05730703621011846,0.17825141659342614,0.08289459353546356,0.15725754013619633,0.07486439165300435,0.1719249199923543,0.09208931128406232
Macenko_slidewise,AttentionMIL,subtype,0.12758471965790583,0.05646863889403924,0.0015814900398253126,0.0028884183840560684,0.04138385057448908,0.038094223687449996,0.08797689676284214,0.03906988072298378,0.13488768339157228,0.043863379347931254,0.06635825634002637,0.043896225553327534,0.06866527795792589,0.04171245386621752,0.07736628055571838,0.036733586186737686,0.08486163616181172,0.036766308004004766,0.12383247613906692,0.05198108881659072
Macenko_slidewise,MeanAveragePooling,BRAF,0.20118617057798927,0.07847859996833145,0.05570744514465348,0.03393261845991392,0.028912236690519635,0.03796959295192219,0.10830053329467147,0.05475240777113585,0.1458670282363746,0.029488824315490755,0.1307074451446431,0.0338058344913745,0.012356379032134898,0.0204157945205892,0.1267845773696872,0.06229050069122379,0.12671807050704864,0.06903091371246704,0.20697074174880606,0.044658426589889416
Macenko_slidewise,MeanAveragePooling,CDH1,0.010814953346252506,0.004984326113601564,0.02246544410705537,0.005486120194739042,0.018467712898255394,0.021033902303440946,0.028233564395903993,0.018958984545818985,0.11452713062286665,0.04341863929547695,0.0067030196380617624,0.00750310829097403,0.012299824256898293,0.009718137361318257,0.14251111795423896,0.022513000082486558,0.08231693555833056,0.007965164688934443,0.08540090372085644,0.016618567631073895
Macenko_slidewise,MeanAveragePooling,KRAS,0.05986465122632405,0.046060357392783594,0.07026257421901136,0.04944180983695903,0.047327136062897276,0.027027270667609467,0.020037352108273974,0.01929095238238462,0.06808539535931264,0.03886460402486593,0.02315297033719044,0.018982176038194618,0.16849830653600942,0.020527094912503253,0.04961693193844211,0.04784725701085567,0.0775073280566043,0.03403803152976494,0.024053858780183304,0.022512215780037856
Macenko_slidewise,MeanAveragePooling,MSI,0.15673582572935596,0.04089804580564744,0.025048566055297962,0.015236596776730478,0.020830452632903288,0.014873938809758515,0.006993007850646574,0.01391399393893437,0.18266172428130914,0.03792259001221705,0.048351025772097225,0.01616011930156694,0.15483254213332676,0.01494533776796566,0.18266172428131602,0.028812378227898595,0.16342306156160216,0.021156814024836997,0.17381401081084466,0.05915942531641159
Macenko_slidewise,MeanAveragePooling,PIK3CA,0.07358033380508407,0.011787958284859732,0.0011231990814207816,0.0034261899946214456,0.04529459199905449,0.015191325584075073,0.06263748130798256,0.023283247919616633,0.03123746833800856,0.014215473137787362,0.05180891475676695,0.01169507935610812,0.14958033285141176,0.02033637134944733,0.030637452220918272,0.013805184311104413,0.0402660580635002,0.013014938802359658,0.05029461107254532,0.030364348605470735
Macenko_slidewise,MeanAveragePooling,SMAD4,0.019436815452580206,0.014338656311878724,0.08205542869567832,0.01980630479915444,0.054983940792079286,0.0224937185101702,0.07301051921845156,0.026758992023146126,0.05858924694060751,0.05607525617491121,0.046128788661952205,0.008448127202650558,0.12974678583143984,0.03496049305070791,0.07800735540389657,0.025470138051867187,0.003497532081603857,0.006395475645608927,0.030948522758485093,0.02678534530069444
Macenko_slidewise,MeanAveragePooling,TP53,0.04029906066894488,0.029450901217488012,0.034210386600495586,0.02843510656876675,0.04703305038452221,0.03974998306203768,0.10974350246428598,0.04031473364584812,0.14652802022933056,0.03170188874751258,0.06802072795867213,0.037060446318950814,0.02458638223647968,0.028355905564360316,0.14983891519547468,0.04226283647639018,0.0798894194030855,0.03355515242865491,0.1209107426070987,0.04102251100106293
Macenko_slidewise,MeanAveragePooling,lymph,0.21483593337716192,0.10313221807544311,0.1428189789551615,0.09747955437610667,0.06688553445521199,0.07810609672558665,0.12321050517740832,0.11266357594409393,0.2050711190003531,0.09997444174324115,0.12451563232127642,0.10196701598493109,0.12600951545418823,0.10590379991689415,0.19577317588510554,0.09442914491572359,0.13926133268061586,0.10965367771019588,0.18420549981775117,0.10778315903357993
Macenko_slidewise,MeanAveragePooling,subtype,0.09337116479872874,0.02766885285018807,0.0,0.0,0.06258087158204566,0.00692937953715763,0.1256559729576342,0.012046949469982545,0.08393683433532846,0.005160271377119518,0.0225409746170033,0.0030239406476763185,0.08362467288970629,0.005083061984043176,0.06985754966735881,0.005410208566585283,0.04612152576445953,0.00589696593209536,0.07932496070862266,0.009954598520103025
Macenko_slidewise,Transformer,BRAF,0.14706745240214236,0.07381608905698205,0.032971698970795604,0.03105379247258819,0.03902223798752098,0.048409738028799734,0.09081744644165901,0.07986349664510402,0.12658872100831228,0.06500605241311602,0.207971693010381,0.0870663281447978,0.15185465309142734,0.09979692039922543,0.2120940515708712,0.05177104731496785,0.22572435233114022,0.10672888875364808,0.15079084131240522,0.03987206122357675
Macenko_slidewise,Transformer,CDH1,0.029253865661618732,0.02338630046765089,0.014290989818574571,0.02180963023077037,0.06489067214964334,0.037896834468521635,0.08110996622085352,0.019759102921904626,0.19938522714615903,0.06681759727489602,0.0600362791442869,0.034329611622003924,0.021087123336793,0.01809004486977013,0.1467867149734594,0.039276870245241194,0.14147545236588105,0.03308311576961117,0.15398260492323848,0.044078710145439265
Macenko_slidewise,Transformer,KRAS,0.01604831740570088,0.022248015361959327,0.05977956578445245,0.029458336111403433,0.09878104254912773,0.052835703300915283,0.057790081951150374,0.06086161978316081,0.12543271109769824,0.030044651698531297,0.1117315106124866,0.03786406259904388,0.1364687614173887,0.04530258247453222,0.1247570447654741,0.05919480334818481,0.10568798110199273,0.04089078048430504,0.10324802920532955,0.03188045285248145
Macenko_slidewise,Transformer,MSI,0.040682707405085755,0.025484411892502622,0.021444032764435562,0.022866467090868058,0.01023005065917863,0.017884469744115027,0.04099137601852481,0.03201134128335521,0.21218478498459734,0.039421692096022594,0.0904769640922548,0.02706251790673843,0.1258679133415418,0.05613609936687986,0.2078638297081138,0.08725528414434673,0.2211354118347083,0.06364097974652089,0.21732883272172757,0.08223204602336612
Macenko_slidewise,Transformer,PIK3CA,0.04908808425878746,0.016682950809781084,0.08128809885000607,0.043342979021087635,0.023688065566772675,0.024867598046354977,0.03463095382666432,0.01633778719800416,0.03143094734167402,0.018763812075826322,0.059688102760069944,0.04199639536788326,0.06125951365446126,0.04961952994050786,0.03900237039541355,0.02867426138991719,0.024202346362824166,0.021039415446824018,0.048230945625061854,0.029312698743048878
Macenko_slidewise,Transformer,SMAD4,0.052299661511265624,0.025420142463134978,0.17412126767046487,0.08659857358826258,0.07317249285586777,0.0664126447638012,0.02554443585284362,0.027402150385974933,0.19815668570406553,0.12546712093948412,0.07557606207735242,0.03745623637462747,0.1757658194244782,0.08494153028355622,0.15773924695856556,0.08150039656426628,0.03737238156207378,0.0328152679935316,0.0353483389557211,0.030048393429541916
Macenko_slidewise,Transformer,TP53,0.023817940196991058,0.02574576341708107,0.04794814153671781,0.04516283107100755,0.017897649250028257,0.028284466504370383,0.09034431739806942,0.03661947682951474,0.16242625280383347,0.03628872621865598,0.02651153369903379,0.018967920095797754,0.041999764881134515,0.036780787647826954,0.19632073207854905,0.029930872034823645,0.1715452389335432,0.028488842283011327,0.14836899801254164,0.05478908447626317
Macenko_slidewise,Transformer,lymph,0.06144454619277314,0.05746712463607338,0.04613707205642708,0.06572377156041492,0.05669360300888039,0.04728923720092365,0.08831960102903691,0.08010950531616814,0.21656605145325297,0.07028830224200358,0.10254225870956785,0.04072360694235465,0.0793008341490199,0.08804326874714205,0.17416390320649944,0.08670124896090876,0.200103939980161,0.0837907683630804,0.1525206937490811,0.09034503708556982
Macenko_slidewise,Transformer,subtype,0.028338050174716342,0.02339694632504766,0.0388290994644143,0.03269427941183,0.019757389354707142,0.02504132877716947,0.10691454343794565,0.024234519142634428,0.1489113920212149,0.032291996507490706,0.06831495695115086,0.04777497854111803,0.0689678781509413,0.032450729829142565,0.09469044141770337,0.03298637775665027,0.123280369567864,0.04470460862377888,0.09270107679365884,0.022085885894280087
all,AttentionMIL,BRAF,0.23961939653396164,0.08830335842497164,0.09201298793792276,0.0670489644570913,0.007903931941986212,0.018217856753891808,0.17718584379199742,0.07723576875996087,0.24453959306716508,0.0753470739708995,0.180576811637859,0.054359660867651004,0.12725236257551906,0.06557681418594115,0.15783747276304308,0.07699616978406204,0.15956617435455597,0.05415302798798025,0.1885555251503008,0.056519066312111274
all,AttentionMIL,CDH1,0.10932794044495088,0.06675656312690949,0.014981893997189969,0.01673103089158345,0.031543855171201875,0.025425551095729203,0.09013890455246786,0.026340613767256778,0.06752328107834098,0.031415518890724595,0.0289738817024231,0.03179359567162369,0.03280023763657263,0.01727139822757446,0.1410812301445084,0.024675854442444373,0.10019034574508721,0.04340464582579121,0.06877969930648525,0.021044459438109127
all,AttentionMIL,KRAS,0.12221020271391551,0.05336025810477533,0.05772073676199529,0.034509882023447666,0.06875676323980397,0.03579168550410807,0.09675975253194256,0.05286021340699373,0.13628676344961235,0.02945432940112109,0.0422927777966905,0.04997036202982428,0.07431230952352781,0.047411510508438254,0.10374174525349594,0.054359414831310834,0.05603151728720569,0.03051543627200484,0.04435735156149557,0.03135532029442955
all,AttentionMIL,MSI,0.21421191997528674,0.10237174307055927,0.10052880353927865,0.036539840472954624,0.002586415481567232,0.00841247740980608,0.05510700054169473,0.03462704924120374,0.2403436452865643,0.045685427758519546,0.10680452890395002,0.06408619334984665,0.07640328712464271,0.031243067749499986,0.1542839796066148,0.04123722044313494,0.12938686914441447,0.03984542706905769,0.14574488706589447,0.02965575813253605
all,AttentionMIL,PIK3CA,0.16972745757284713,0.030082763779998516,0.03675604562942046,0.03153249833464596,0.03649888735001198,0.036838787219144895,0.12064176302137906,0.04688173406703513,0.006241757680815471,0.01204466140983965,0.06952746610823814,0.030269489348523144,0.09624173145477008,0.042586232455695185,0.06827032070342881,0.03676724609890669,0.08175603847686749,0.0367199371120713,0.0792417476672351,0.04305582080785492
all,AttentionMIL,SMAD4,0.195218628387456,0.05412280687351215,0.06555384967804373,0.0290738877951731,0.046009272079470975,0.05171803698136158,0.12867845867157263,0.06337725274299821,0.30325152252192095,0.11463638832316667,0.061885303001402124,0.023301224289495732,0.10850135658264244,0.0484294715107919,0.17270126317023288,0.04550346300638425,0.019001048545836997,0.023891166019126,0.06264432046890522,0.051625375554826464
all,AttentionMIL,TP53,0.19899550518995338,0.19660902392058052,0.0036251469612118676,0.0072604187904883105,0.03555556974410854,0.024227419627504194,0.10331650218965187,0.0514601931974705,0.13608866176604795,0.025782972084502826,0.028961853599548844,0.024453425367698383,0.06698090276718838,0.036915306782246145,0.21378226718904206,0.022667778559239647,0.11754206857681508,0.026318814106951,0.13858586988449184,0.019737377853284097
all,AttentionMIL,lymph,0.4025186360412422,0.0705433664490041,0.028587395005796906,0.029091080800868863,0.05646962528763112,0.05669492473177128,0.07306438093719328,0.06943519814465844,0.1564472497040007,0.08274214586040753,0.06164868479309278,0.046431657988955884,0.07205169802246501,0.0556485464482839,0.13044144516524936,0.08149214812667652,0.13885553484499227,0.05664779579733597,0.17273413544236255,0.08862046036135339
all,AttentionMIL,subtype,0.1705160236358693,0.04868071188522756,0.0011068916320801606,0.003768541321676692,0.05421293735504212,0.035225376428111306,0.1324316954612999,0.050912732011650086,0.09408005237580187,0.02535863218089949,0.06013926029205215,0.03550866383913486,0.06782701969146639,0.0271711451830158,0.044048068523414564,0.02619898111295054,0.04491832017898819,0.02643136657478995,0.07607811450957128,0.02908456894377501
all,MeanAveragePooling,BRAF,0.19161702156064403,0.015487155279411082,0.039622364044188584,0.02473033801318685,0.0005265927314758392,0.0018024200159389005,0.08895743846894101,0.06582434185055705,0.27280054450035324,0.045608544165135684,0.16289362668993207,0.02603522139913312,0.10930319786071808,0.04776950601465856,0.18470213174818897,0.0470240468867177,0.20298670291898568,0.015844958641420017,0.23084573507311057,0.02660364224830825
all,MeanAveragePooling,CDH1,0.04156686677704153,0.007452138166862308,0.03311455859909327,0.01623924117983996,0.02174965753326373,0.018622706792919164,0.015181952855680915,0.023743092061414266,0.01141268625030458,0.01173256255594811,0.02660400285492108,0.009549823673045537,0.024548012158964655,0.014838679539374601,0.10273192538985279,0.03303097521558059,0.07686098232040128,0.008757588966601879,0.026946669957731786,0.0171928448622493
all,MeanAveragePooling,KRAS,0.026668836841584838,0.016914800997096233,0.08102319456099509,0.025532633167648734,0.09314780450819928,0.02161177803437709,0.11390602804182844,0.050346401762897806,0.00726192213058429,0.011225446533587822,0.08008474327087389,0.06761424294849323,0.13466432310105278,0.03728713061835981,0.034364011058803594,0.03800811635353115,0.10688653207778716,0.05002196185345486,0.039431586036679525,0.023637971116710683
all,MeanAveragePooling,MSI,0.12495887708664924,0.067515240445832,0.03761315774917615,0.032872542756728185,0.012047318935394185,0.017449362515525306,0.017345683097841944,0.018547095960836195,0.22362140846251297,0.03228484706061541,0.1028909726142746,0.04525526169043146,0.048981480121611846,0.016972449879319923,0.14841564130781942,0.021215094557290138,0.17243830394746168,0.023983759793829693,0.2048456830978644,0.03415628035473719
all,MeanAveragePooling,PIK3CA,0.08781716346740161,0.020690733673754746,0.0005028557777405151,0.002059166446923085,0.04324573993682916,0.02561324980350893,0.07236002206802354,0.03581442645433568,0.021931452751159482,0.01358515383623254,0.06284570217133952,0.01323861631737422,0.09878857851028697,0.018278016311148074,0.03793144941329758,0.01465283739800291,0.0780457329749991,0.01341358781378056,0.06336000680923548,0.007249221159589761
all,MeanAveragePooling,SMAD4,0.09429222679138838,0.14470703476813357,0.0940392169952279,0.030610777523818102,0.0046654138565055845,0.006670248029463434,0.11883365249635285,0.028063367481297875,0.1547602865695897,0.055237198449822895,0.057227090358735924,0.022136576294142726,0.12617079353335525,0.05138135989987769,0.12699305152895665,0.038445515201337606,0.02092092370986926,0.023268541076020128,0.0608956370353706,0.02936852796138479
all,MeanAveragePooling,TP53,0.09761659917831418,0.05150568005826561,0.04399707136154732,0.020147978599172642,0.007717631435395035,0.015703667452429307,0.129238389110535,0.02943419949730329,0.11153358039855467,0.02061550902800623,0.06894094762801986,0.018804300749530573,0.02811606941223125,0.01749177812822128,0.16330122766495675,0.030715091504979097,0.09523162660598314,0.018329430841536258,0.1551643115043687,0.0183203821373567
all,MeanAveragePooling,lymph,0.28593784073764317,0.08973450626245519,0.15036806563313607,0.11429065648816834,0.08315412501271638,0.08865116325116441,0.11922767857490214,0.10940184430670552,0.2328817317860897,0.0962723142561342,0.1361632416623406,0.11087850529477902,0.1534994671720097,0.1281317298337538,0.19485269287998122,0.11531381519940404,0.17600638369498303,0.08490263932886324,0.16021991471227834,0.10675228121093033
all,MeanAveragePooling,subtype,0.082386004924771,0.038268040158377155,0.0,0.0,0.08523811101913013,0.013402286679092454,0.11249123811722667,0.010653715202011993,0.07785952091217549,0.00875798012630662,0.010167765617370872,0.005310716955043336,0.07004979848860456,0.004761986285425265,0.059299504756931,0.007776427334769131,0.069497072696679,0.009484633033564909,0.10973776578903341,0.014375803527520737
all,Transformer,BRAF,0.13237310506820818,0.042087527506978244,0.07100338794706905,0.07516216574167994,0.05777202703476245,0.04435910248385023,0.009899698276520347,0.015935919348799857,0.17811776258470252,0.05201757250395325,0.23702735163687544,0.0840732753504931,0.06103000499724981,0.037416606306259745,0.07306458808899868,0.041452701320187336,0.23463371850968157,0.0736320448080818,0.20398213722228645,0.041292977185304204
all,Transformer,CDH1,0.029156179389952314,0.03183702961631641,0.06290831085205224,0.02442652445270839,0.054513127765655214,0.03200462289992474,0.09728868719100518,0.03526019807583907,0.1204754066085664,0.04315774157352571,0.05891057964324732,0.04014928172541334,0.024644477329254927,0.025620309222383505,0.13378209587097242,0.059930871917426895,0.10745428319931574,0.03892530400693126,0.06353651996612812,0.029405540358947855
all,Transformer,KRAS,0.025152961483702215,0.022765480063772107,0.08314844774316309,0.033937528098714274,0.08919198917459095,0.046383138271308764,0.04005536245416347,0.03122419890342312,0.03889168905328499,0.030752268803569703,0.1304082255274779,0.04967260008807481,0.09763794349739571,0.044275921301846544,0.06329110669206629,0.06480015250487998,0.16392925786089585,0.0548211021957898,0.06460494207451664,0.04447375279994985
all,Transformer,MSI,0.06753909397125851,0.05515445727694217,0.05977161931991557,0.035361497953824955,0.006633744716644713,0.014077623504929375,0.045831284999846796,0.043078008651644475,0.17674691486356478,0.025171666065404767,0.11805351781845884,0.06935285017305992,0.09788888502120582,0.044620349984193536,0.12726132678985946,0.027767131769854892,0.14722016859050852,0.01725778802595944,0.16995678949357815,0.04962743725215271
all,Transformer,PIK3CA,0.10271054146767264,0.03403277762316033,0.03528198240280284,0.02673490630121982,0.03673912523269596,0.032519855333416586,0.10582481859207078,0.03124849184002821,0.013367679100035097,0.016180575041547914,0.09153911111831142,0.035175162834652246,0.0995676898765409,0.03376864432508128,0.031024839859008835,0.026939452156554775,0.09048197505949933,0.023173635174250976,0.08365339277266716,0.028652156274980682
all,Transformer,SMAD4,0.05481342935562174,0.02338102662460057,0.13299177551268274,0.06346768804536584,0.021922847270965534,0.024758198449003548,0.15361162090302827,0.047361286098053464,0.2732827332019555,0.06816333034939834,0.12514865064622607,0.0727658448138665,0.15778622293472788,0.06379230440941873,0.10516127014161264,0.030495957780818705,0.029955693721768237,0.03345837800694961,0.019645794868465884,0.01668556691531165
all,Transformer,TP53,0.04259682223510636,0.026851397666185897,0.029858355972290546,0.022202561323194737,0.019308417293550467,0.014607336550182115,0.0568224363060029,0.031175967901239637,0.09994816109848723,0.027029776677305335,0.014959364387512962,0.01484281418761455,0.03347787186813432,0.02846146532306198,0.21010526940535165,0.032729868518455295,0.15149134919355495,0.025929342014761228,0.1441681198806921,0.046093970768178165
all,Transformer,lymph,0.08964227089142265,0.07813854030774724,0.043665572492827105,0.03717952593487985,0.05656987079833707,0.05790461331576839,0.07717374214385656,0.05294929524451781,0.18312546858049264,0.07785466863838947,0.08157019266341191,0.06645808949653197,0.07324118265365986,0.06027933338176072,0.12526989826416246,0.09405910008762516,0.18429289707395374,0.12813803627871168,0.19452693113538702,0.05129898471155938
all,Transformer,subtype,0.03262403983850243,0.027923675675257546,0.016150961110778777,0.021581874713674922,0.03982578296441467,0.02550296898590872,0.11582059640666109,0.03254526218106216,0.09420677203912685,0.02953080422618417,0.028645215223022526,0.025165214169586194,0.08478344459312542,0.02649138863682604,0.07397913713235235,0.019429842936724322,0.042959187219330564,0.026139303463605885,0.05855434913415995,0.02707051320136442
none,AttentionMIL,BRAF,0.3459978715515062,0.13309243130707582,0.0603595630264277,0.02796419055450629,0.015279783401491236,0.024514424622519716,0.06940212408065055,0.06086933363674311,0.22658298769949872,0.06826210328120638,0.14107765117644055,0.030903986939697547,0.07039946475982312,0.06524308911444847,0.1424074546432552,0.06560470567530267,0.17944203773499318,0.07473779470846917,0.19273989358902713,0.04072077766621346
none,AttentionMIL,CDH1,0.06452308626175524,0.03514460968309168,0.0064991328239446125,0.012454665587129952,0.03425469131469696,0.03487657258092459,0.08942317695617567,0.022735955745020717,0.08782407970427936,0.03898286028220477,0.03756710023880217,0.016970287107930353,0.06429466934203493,0.03017282763787753,0.16840660305022345,0.025006264636937267,0.11066816778182087,0.019651973087658512,0.08108507127762836,0.026672422042718066
none,AttentionMIL,KRAS,0.03277329213769507,0.03675734517976745,0.05925601728112282,0.03258634642471406,0.06105781800897648,0.04114544869952368,0.06529957063349294,0.04200528782033005,0.11225900657328536,0.033843589389701584,0.02873799808175568,0.024343586481013202,0.12873798616082352,0.059306037940622475,0.14018694765715087,0.0423785321994818,0.029601383282255752,0.04157110539963861,0.06120793826730945,0.03179914870304323
none,AttentionMIL,MSI,0.27713993549350363,0.1331363648811939,0.08398151159286843,0.03041810218972258,0.0012139892578123133,0.004766228791379443,0.06474282503129206,0.0438488164360961,0.22024690866469246,0.04251614555620285,0.08151232957840353,0.034557854521986626,0.10265431165696455,0.03383150586176233,0.17662551164627746,0.04343130454794813,0.1468929982185176,0.0342014267402526,0.18372428178788788,0.03856702889430418
none,AttentionMIL,PIK3CA,0.1298011293411403,0.03682975734206571,0.04411545896529931,0.03170907655450282,0.02162973785400148,0.029525881258190466,0.09225828552246997,0.03327831253208655,0.01360113525390558,0.019299721802645154,0.04925827884673812,0.030994139276757607,0.12520115280152153,0.06085703838714296,0.06557258272170428,0.036332603646652716,0.07414402866363534,0.0313680065940798,0.08188683891296433,0.045884755310565906
none,AttentionMIL,SMAD4,0.2511959472179551,0.031438276204507426,0.059292111682899405,0.025082585318025496,0.020455906677246106,0.021998608005380157,0.17017127661706208,0.07574198297917911,0.21299224882124437,0.0946297554690141,0.05676202564239564,0.025663433849513227,0.1364584365367966,0.08141436917179785,0.15872283964158404,0.04815065671994157,0.0074261882781977906,0.012596908592109808,0.08206249265671393,0.07614062473003001
none,AttentionMIL,TP53,0.01675914897919043,0.014204285305161369,0.012438169860841695,0.012594663037323824,0.027814129734039163,0.02469300596238498,0.09484557285309737,0.03096082556001105,0.10937980785370754,0.030759506756584957,0.03547408952713714,0.028320509659824505,0.058061090850833254,0.02487508979870723,0.2778421916008231,0.022148192632990914,0.15261774435042244,0.031691393530789085,0.13816769495011563,0.053998757325260084
none,AttentionMIL,lymph,0.33728921170714155,0.15142960839169903,0.055295917944919205,0.06518279353272691,0.06591555829525061,0.03684071072296999,0.0673469996023252,0.06386821879076908,0.17518546338559268,0.08229435948684193,0.06954135652065192,0.06471553112761333,0.07046261783124512,0.05357495847167757,0.1721875524091764,0.08472107744969729,0.17422083373546077,0.057461425042727755,0.19021624083993635,0.08830404086819903
none,AttentionMIL,subtype,0.12945582866670105,0.03214338362488352,0.0,0.0,0.0794716358184737,0.027152498876057383,0.09240287542341737,0.021613510095330336,0.14898726940154772,0.025604053963425293,0.06506212949752434,0.03191719444864916,0.06277378797531148,0.02271706560865374,0.07081514596938726,0.02335569936365526,0.08136328458786131,0.04491587578351022,0.13305829763413107,0.02797816551576151
none,MeanAveragePooling,BRAF,0.20724735260009533,0.09066866154029136,0.060172879695892356,0.033205303795876814,0.0,0.0,0.08630321025847448,0.06706032012050751,0.23563828468320516,0.023229827068992157,0.1470744729041809,0.01409512189310199,0.027593100070953086,0.011790933359144589,0.12519950866698173,0.027127185681716716,0.17672873735428532,0.03639394855321989,0.21103723049162545,0.04098162417108717
none,MeanAveragePooling,CDH1,0.03923334712981367,0.007032213867438255,0.041860421848296206,0.01834455206014809,0.04254574413300333,0.022530248619370037,0.044259043884279224,0.026423602611410028,0.004624553871154433,0.007191172129891381,0.03192324275970629,0.008913947013274184,0.03283700580597124,0.016028673915939113,0.10382500524521389,0.03731000137450461,0.07783987159729741,0.010784302417515558,0.029410382461546525,0.033362749644235176
none,MeanAveragePooling,KRAS,0.027207501014705367,0.027009391765022303,0.10892673262025244,0.05237166376456544,0.08666699655913628,0.019157464434429148,0.11947478779220067,0.03278839947482694,0.028258569320680278,0.03849288209506245,0.029572386821746854,0.027829510059522916,0.1298351479377641,0.02752891042495223,0.02289071806335219,0.01947005942169687,0.07341621645355528,0.03564826923625655,0.033926708778380645,0.019071447312342893
none,MeanAveragePooling,MSI,0.08015845680236565,0.01922723271211534,0.030621394157407996,0.021807886798093017,0.0016604986190794798,0.004788931207253426,0.07136215829849016,0.03456871985309276,0.21544649267198115,0.02980433479302241,0.09955147171020347,0.041939915955994694,0.05330661201476849,0.016428544892750755,0.17321400308608434,0.02499753499632013,0.1469794597625665,0.019844893834601668,0.19224689865112332,0.034359672260546946
none,MeanAveragePooling,PIK3CA,0.07227200708387738,0.017517964691004886,0.002043442344665613,0.0058904632194690144,0.04775771341324136,0.02583629875315957,0.05675768098831333,0.029392309100861984,0.033643440818784086,0.016535451341187765,0.06410057983398075,0.018411693998428447,0.10941486797332524,0.01662669978237572,0.05167202196121466,0.021954017447046805,0.08504342279434927,0.017066960499048208,0.07361486396788801,0.025324972953943373
none,MeanAveragePooling,SMAD4,0.025439602851866548,0.016855621531495443,0.0934978075027444,0.024919828096433307,0.014307398319244824,0.016736988303559908,0.10962683629990033,0.04643173304442854,0.13106897544861368,0.04785622861399036,0.05731813383102291,0.016334704744064756,0.1301201767921469,0.04336342404011063,0.10266919803618636,0.02227138581224172,0.01519293260574225,0.017993345434804027,0.07332071733473322,0.02738400380223374
none,MeanAveragePooling,TP53,0.05780709777832703,0.03724466579804325,0.022229097232817456,0.021830228505160268,0.014597223148345837,0.018391358816618866,0.1331718662834105,0.029805183106411632,0.09184186254500515,0.019898716206852848,0.06266121660232006,0.023405170371568154,0.04231886659621999,0.02487678146375734,0.12865446601865668,0.045154385095497,0.06588791404723549,0.02278038877628016,0.13151644264221066,0.02066896750894231
none,MeanAveragePooling,lymph,0.17962451014526745,0.11367337351308612,0.1494971576691354,0.11460156713581447,0.09224825534826153,0.09341580992348018,0.1059360090256314,0.10822783344216055,0.21453976068504,0.086286180266303,0.15135067138677494,0.1113385345896982,0.1344518486023609,0.12879116896787698,0.16653235588078769,0.12340873070835516,0.15385244522100475,0.10610583803885996,0.1513142410278935,0.10683092156111251
none,MeanAveragePooling,subtype,0.06147435903548898,0.027820681421121853,0.0,0.0,0.07763124704359976,0.01286640091942978,0.10735511779785165,0.019085873657643998,0.07653198242187538,0.006805370321772178,0.00942956209182789,0.003414776810781238,0.06715824604034781,0.0030470776663610905,0.08420768976211152,0.007951048995761432,0.06610077619552275,0.009665284235549758,0.1125566959381124,0.009448586950991317
none,Transformer,BRAF,0.13263050451278197,0.05249327931583044,0.08409327402116251,0.06302706992665942,0.02478478088378657,0.03629314755995153,0.10909329786301757,0.07062822866451256,0.19326881303786428,0.06378380441078746,0.21607467069626354,0.10882295775220344,0.068667711162564,0.04786501134917245,0.1672714723587028,0.0527244705431519,0.20430602564809033,0.0797611687556497,0.2326970113754308,0.09265877583168362
none,Transformer,CDH1,0.04816059158706121,0.02594266196954262,0.013037791713713833,0.016321929074261714,0.061981263622292046,0.026514070762620152,0.0755735068168701,0.047995924790177356,0.10178708122634661,0.07186096309807403,0.03736675070190444,0.041927774299492335,0.035653450950622376,0.053540468233295085,0.11343756006622355,0.02550001181683528,0.1012730984535212,0.02197717792718452,0.0687773852195828,0.026374706006663143
none,Transformer,KRAS,0.01631585113907031,0.022901138120494012,0.04439394228363118,0.03713272225870652,0.0560305809249855,0.031944461075865675,0.0454449867477341,0.03623171188318583,0.10997200362587142,0.03852668502230536,0.12085790984534893,0.049535690460184634,0.07994196169281106,0.033911295615305585,0.08925127737425334,0.0375135318268072,0.13478432648086114,0.0538926879483852,0.07723927252198244,0.04495735502510088
none,Transformer,MSI,0.022388416290283635,0.019764700788644105,0.023159998416901504,0.019838420218844202,0.00834516859054443,0.01405115337818018,0.05268674468994045,0.03895872372889845,0.19337607002261162,0.06506599950473921,0.15268674468993904,0.025585283402858438,0.06158593273162355,0.02993134058207477,0.1866887865066521,0.06879264597922156,0.17737809991836082,0.05025605769390746,0.1573163685798681,0.06418144584593903
none,Transformer,PIK3CA,0.09994799071234742,0.041925955898569796,0.07969083362503383,0.07003060998079771,0.017090852793884618,0.018245695227924394,0.046919413146208275,0.031312745561272066,0.04106227332039012,0.0714232852336826,0.08720512562675892,0.05843076522535237,0.105405111846162,0.05390337469099057,0.09311942034645648,0.03349528809288791,0.10911938720626624,0.015601721882623943,0.11374798589630705,0.060095918328470846
none,Transformer,SMAD4,0.0653182352142332,0.02262931047351057,0.087519367988586,0.05105215039945852,0.02490075474548166,0.030041261513193605,0.12022020464705471,0.05790443795041785,0.2978293026046708,0.10667556595612494,0.05911963825988589,0.04449850353446807,0.16772178059388534,0.06524801721110499,0.13831001168058887,0.046563274364739775,0.06367370730208298,0.05389314204364776,0.02888558750915322,0.024895322372534126
none,Transformer,TP53,0.020843537330627555,0.02075315800535453,0.0256695942878709,0.02909844296215147,0.02892434167862012,0.021609256856860857,0.07555735874175501,0.029698245145310012,0.14657308626177204,0.029374393996326482,0.02151693868637159,0.019714753939465587,0.05165161657333943,0.028201391909902927,0.2143340187072791,0.03569831589971389,0.17477172183992007,0.03541090428564781,0.2159613924026692,0.07179599512195532
none,Transformer,lymph,0.07118922113573374,0.06911117662872723,0.06953686117326609,0.06837617164065339,0.05130535005725923,0.04409462970220013,0.06641317247546405,0.052008366377826236,0.19113957523501487,0.08091659087043224,0.07076055645145683,0.06459816398404906,0.07182579874194561,0.058770978309254665,0.1594912373939721,0.08083180154649783,0.2084023439804429,0.06855337839196099,0.21104102968374905,0.0891033985203128
none,Transformer,subtype,0.039197649261471575,0.02662092698519839,0.010366322299958174,0.017336239885826832,0.03777322938155305,0.0338034956443252,0.12909432818603525,0.039110485983898345,0.1316928045959493,0.035662013391039624,0.09413922002028896,0.035075974000753164,0.08487106730651307,0.042891988086616054,0.08552216460418681,0.036302482899112226,0.07904186417769159,0.031967332903736274,0.09893384148787954,0.017942467210998906
simple_rotate,AttentionMIL,BRAF,0.341744251394292,0.10588621890658244,0.07339319124220817,0.024010414030695777,0.011425103092194881,0.021516123583553603,0.087090004825587,0.08054295817260158,0.218472970867146,0.061214548316209504,0.1587655080795396,0.02973283417162355,0.05437723531722917,0.04689752081850546,0.10118575229646481,0.039066943956332596,0.12877881660462953,0.03607349376342022,0.188818694496152,0.04727891390870778
simple_rotate,AttentionMIL,CDH1,0.03445922858474626,0.02521256166852562,0.017097683022005684,0.025239264198497497,0.039827556679224656,0.026626221827852025,0.07192352540252418,0.025615756679847557,0.09910795218703547,0.035064729689329534,0.038913781712038346,0.027876806908088365,0.06095832116363095,0.030660818033220523,0.1563324285245045,0.05198034623052989,0.10413364894149264,0.01810641430810012,0.042226202557061346,0.023348067083105665
simple_rotate,AttentionMIL,KRAS,0.08214158564294052,0.08382572534047183,0.06560630946839888,0.04934563904004518,0.062152846152438414,0.022861105397938584,0.06782102137292562,0.03695672306884813,0.13598918467247345,0.05260247824472657,0.034863062197809935,0.04216643913629855,0.083774466807489,0.052907177538930324,0.12626695185388914,0.027286427930805185,0.08647717385972971,0.07523568767986805,0.04526096134866271,0.035204728001696974
simple_rotate,AttentionMIL,MSI,0.24701605443955443,0.12258674602225718,0.03827118282317758,0.02967137514922254,0.0017485678672789836,0.004952826780669307,0.038322621631618696,0.027522496843893365,0.2232506454467779,0.051256095965944715,0.060442000675200745,0.034786841205065026,0.06301401262285179,0.02763355818874721,0.11332263355255669,0.03421197094464553,0.12741727237700326,0.033194744169547485,0.18724238281249547,0.055742416747151684
simple_rotate,AttentionMIL,PIK3CA,0.12311357269287636,0.027998535362231576,0.01142786750793595,0.014280724562900434,0.012942171192170492,0.01712968268078428,0.10511356601714232,0.029782848197046772,0.02685645828247293,0.02609626251799486,0.04442784795760841,0.0277302753246864,0.09859930286407359,0.05205853461512981,0.0660564661979658,0.021733762339933505,0.07577071199417185,0.029622211911641605,0.06494216928482331,0.03565938591398869
simple_rotate,AttentionMIL,SMAD4,0.21474368815994171,0.05154671544889642,0.059905006938927065,0.027392616730017433,0.03536353355026312,0.02920032217991415,0.19064501171684708,0.09450251703688123,0.2886209869918523,0.07916747886843356,0.06015798097229279,0.025248437424415193,0.11328889375305505,0.04385389736149664,0.19602136855695104,0.0342438700917646,0.01461720710372929,0.023832260792122875,0.07065767293549118,0.0798598835486886
simple_rotate,AttentionMIL,TP53,0.04330191434860592,0.05104056662732834,0.0262985330963196,0.02272530461711731,0.017852972164156693,0.020419892052930558,0.061034808769219136,0.05965788784333795,0.13098429264069947,0.04094116509962716,0.026523039951323244,0.025151521890455355,0.06919979871750215,0.038560418727916095,0.27997419656752637,0.03219990432228831,0.1500920397186401,0.026385164719606693,0.1360628706359957,0.04093078932767906
simple_rotate,AttentionMIL,lymph,0.29443277717114513,0.1980616566257955,0.048677515988372944,0.05470172785201598,0.054654347901367105,0.060824870062624554,0.06857916117193495,0.0642787813858092,0.14932146072866698,0.09921292571720104,0.07415195703985156,0.06961695098600536,0.06925497055533616,0.06306590855319322,0.14458143711569182,0.07551648298543903,0.15573031902792744,0.06056308129323094,0.20535417795659747,0.09855204886671275
simple_rotate,AttentionMIL,subtype,0.08050992866516476,0.035487381794805206,0.0020923056221008357,0.004281463328572786,0.055679980716703006,0.03223183592796145,0.06819472690583135,0.03223936442198738,0.1332595624542507,0.032437384526476355,0.045428816280363674,0.033399232079797295,0.05917619844436101,0.03146120506325444,0.05315016885757221,0.03338838995986013,0.06839844366074622,0.04783729323575512,0.05767735620499021,0.030384292770880613
simple_rotate,MeanAveragePooling,BRAF,0.16176385412217317,0.012877339125958363,0.03570003042220987,0.02221664020771074,0.0045164896011352824,0.009630249274071976,0.07752183208466068,0.07703218629074601,0.2336388541221815,0.03632451068672197,0.13942342529295082,0.013256589508639095,0.02506172189712333,0.017497440064455746,0.1348356319427321,0.015994805470966433,0.15524788627622174,0.02642147683939527,0.21475586423872012,0.045658877688072176
simple_rotate,MeanAveragePooling,CDH1,0.04164823488158772,0.010570247277789234,0.04336153463287342,0.02043670415680597,0.038450052298729484,0.01729199475605918,0.049786450423431855,0.01750926525816537,0.004755045928192181,0.010322418479152782,0.03753630117340768,0.011287005652333164,0.0437042017356881,0.015157685851776558,0.10355569318695325,0.027510329951700427,0.0785414357559204,0.01233904350063072,0.025314714469146214,0.023261089687566083
simple_rotate,MeanAveragePooling,KRAS,0.02399553253173922,0.019368051028565255,0.0979820270729061,0.029703182779593378,0.10113517238615764,0.03836976558184477,0.12606011225697092,0.04210017078279112,0.03919825746535558,0.03253534799571564,0.06874029829024979,0.04964209516380017,0.12891295148849613,0.030920622661691478,0.05057213499069559,0.051549063935421476,0.09464117481232368,0.05373969746222171,0.023057105083463533,0.019184926601266975
simple_rotate,MeanAveragePooling,MSI,0.08614406585693048,0.045283853112144785,0.027399158477783587,0.022533949316220075,0.013150227069852487,0.016023301406181974,0.01042387485504173,0.012782390615147597,0.21206997632979702,0.04971663236720685,0.10852056741715085,0.03804774347146831,0.04869545698166185,0.01812100422935174,0.14046502113342924,0.021120861018257175,0.12950823307039067,0.030704971514443756,0.15358229875565635,0.016330490113973608
simple_rotate,MeanAveragePooling,PIK3CA,0.07996366282654507,0.0235682696890345,0.011335077487945875,0.01552077091283426,0.05122078915787057,0.02964011376176721,0.033620801174159255,0.029243710344608983,0.038592245780938804,0.030096689814790627,0.06899221202088344,0.02691783251416292,0.11402079125594232,0.02520813887062253,0.056477918827060346,0.026787102398243917,0.09090650340271175,0.024099636039077763,0.08644935151291347,0.022859763669688008
simple_rotate,MeanAveragePooling,SMAD4,0.016460468769075084,0.013574698130773383,0.06351928949355934,0.030542494679333593,0.013424410820006871,0.015118140298338915,0.08717519283295355,0.021201464266214623,0.12297532796860156,0.038923308955463885,0.047200503349304083,0.013577906899166072,0.10956610679626998,0.04244757542695043,0.12752942085267308,0.026466031897192842,0.00861734390258673,0.012780787986507785,0.06857937812805354,0.026626352316382773
simple_rotate,MeanAveragePooling,TP53,0.05910773992538049,0.04310323166867672,0.04190797328949728,0.02773379613685268,0.004281706809998117,0.009898132354941478,0.13335015296937136,0.028994790725890937,0.1185914468765287,0.02486697089865473,0.08365882158279751,0.026236218636901523,0.0767283749580438,0.03915757716314373,0.16777776002884795,0.03958061793486838,0.10299100399015962,0.02240623099826387,0.149764282703386,0.026613216928367003
simple_rotate,MeanAveragePooling,lymph,0.2166416952581229,0.08078201404527961,0.15870604014108705,0.11182286930743977,0.08771657442758597,0.08722857191545447,0.11849125122736902,0.11526154138850908,0.18900619244288092,0.09926153513432787,0.14284337258054292,0.11672865555898473,0.13031101917932947,0.1214219869614763,0.15399152731608998,0.11299069026405291,0.1686512658567164,0.09132165714346303,0.14437020516107474,0.0759675999308348
simple_rotate,MeanAveragePooling,subtype,0.0586047172546373,0.018233399005086616,0.0,0.0,0.09007462263107553,0.005452342122011441,0.08052699565886696,0.011189849083639562,0.08019074201584918,0.01042254173684756,0.01137107610702539,0.0038310822367944716,0.07002990245820255,0.0030283383287465584,0.07554526329040022,0.00984469928946707,0.06582399606705443,0.007414747070756412,0.07690955400466813,0.00711946478528302
simple_rotate,Transformer,BRAF,0.12419945287703857,0.03758018895124359,0.13463830041885544,0.07931314835747451,0.023534574985505617,0.024852771700089725,0.04966489362716293,0.044975541107989306,0.17074200797080452,0.0655025955730284,0.16296276140212795,0.05936161752436668,0.05298935461044607,0.06101449565767804,0.1921515851020752,0.08465268138552087,0.14022338676452842,0.06345795161723684,0.16289626646042796,0.051150069513126124
simple_rotate,Transformer,CDH1,0.048275818614967096,0.03993079925887495,0.01743629196167046,0.02434532683598601,0.08099997261047846,0.03282582972009866,0.08985206106186537,0.03096469870103616,0.093278672485344,0.046961377529521287,0.06398112991333685,0.04378818477569003,0.04165103652954314,0.029159695551685294,0.10390117385864543,0.037997319524561445,0.08408395269395004,0.036280840496064864,0.040851499824520764,0.026489305016086453
simple_rotate,Transformer,KRAS,0.02407315338012639,0.02753576576830762,0.06968125665542677,0.05085737376067531,0.06739143693801934,0.030187527037520097,0.04246651494857898,0.028313777439491913,0.08998904788849281,0.036139387693748026,0.12054460609311975,0.07479877716477963,0.09794699514267224,0.03421800416491561,0.05136292541381492,0.04688189971995729,0.11247404182311935,0.02289750030940087,0.10267674291489724,0.04188315448824398
simple_rotate,Transformer,MSI,0.03908758064269611,0.03637268609985673,0.07705054183960663,0.05476047104453914,0.0037995090103154386,0.008426632430874112,0.052307747802734235,0.039045602253816966,0.24320282836913373,0.045503095058144594,0.18718429704665082,0.05270829315019714,0.08003408809663223,0.04978228655154429,0.10451968809127861,0.03432448294925036,0.200558768711103,0.03444262292123157,0.1869271268463129,0.01675382035137942
simple_rotate,Transformer,PIK3CA,0.06481666213400224,0.029848610070206658,0.08093094474203787,0.03003734930998032,0.023588093580076127,0.02303107766612332,0.08067381030446961,0.025086959528307466,0.04347380048163187,0.05432143525346797,0.09487380033857618,0.04184681191059031,0.11915952807791441,0.0439000402720662,0.04441668635732848,0.027465332847368032,0.07893094664937532,0.04212701541771509,0.0963023627412829,0.05625934256482977
simple_rotate,Transformer,SMAD4,0.04701188322982656,0.023362302088502235,0.05574054238281503,0.02519788484548423,0.0582073044486987,0.05930367158380078,0.14922567126237177,0.0457857603666353,0.324684227676007,0.05384396362872868,0.10975696560822013,0.08338927590613901,0.17705616471251384,0.06190218039327919,0.13088284251174367,0.06272289382289947,0.047011883229832484,0.03985618957392267,0.04144577500305056,0.0387825002324232
simple_rotate,Transformer,TP53,0.04684400091171234,0.040526220872960685,0.0396049333572418,0.04474327465138294,0.027062852478030745,0.022492944519462734,0.08444219360350705,0.024387603192890305,0.17689450511932356,0.04185111876251185,0.020974190330504607,0.020280591684740872,0.04810662994385008,0.02225734776279356,0.23971719274517544,0.0370822385265365,0.14527273902892393,0.04106805683829834,0.17156339416503993,0.04081650593162985
simple_rotate,Transformer,lymph,0.06893066482147539,0.06149363674643911,0.046057489677277526,0.04818076228625871,0.04421834067900996,0.0440623423106246,0.05705544070801036,0.04388215704459678,0.17676941470701615,0.0646140231913184,0.05571474151213878,0.04918076811949153,0.07390642480454672,0.05212726228425122,0.1485734255751093,0.08665370637115521,0.1687150390585192,0.05600764941036335,0.1778081329305937,0.07353681128397598
simple_rotate,Transformer,subtype,0.01722115782312274,0.017530114328997707,0.013322215352569836,0.014996081443726295,0.0289947321753862,0.025261325658178364,0.056958108220614784,0.041469146793401246,0.0889138748984682,0.015397872834614464,0.0692360093932413,0.048927294062109855,0.0612910559516307,0.04248216115020208,0.062032358918703005,0.03435134435956357,0.06674684790185091,0.033507811778534714,0.05626347569040081,0.02613005511602428
